Area;Year_Day;Ano;Month;Day;PAR;rainfall;soil.moisture5;soil.moisture20;windspeed;temp;rh
Low;1;14;1;1;468.153125;0;0.115724306;0.151520139;0.291860465;24.18217708;79.98472222
Low;2;14;1;2;668.2399306;0;0.109908333;0.146965278;0.309202128;24.61215625;70.60798611
Low;3;14;1;3;694.1079861;0;0.102876389;0.141936458;0.308803419;23.50568403;62.04444444
Low;4;14;1;4;692.9361111;0;0.096700347;0.136719444;0.325782313;22.56972917;64.58020833
Low;5;14;1;5;594.4465278;0;0.091680556;0.131920486;0.345736041;21.82338542;65.57847222
Low;6;14;1;6;671.5472222;0;0.086705903;0.127358333;0.351781818;21.64391667;67.28055556
Low;7;14;1;7;547.0072917;0;0.082438194;0.122956944;0.466533333;20.40461111;69.83576389
Low;8;14;1;8;646.903125;0;0.078168403;0.119064583;2.682738854;21.15897917;70.61458333
Low;9;14;1;9;547.8319444;0.2;0.074294444;0.115390972;3.273486239;21.02467708;77.30520833
Low;10;14;1;10;471.6340278;0.2;0.072146528;0.112140972;2.9948;21.45860069;81.35729167
Low;11;14;1;11;478.0315972;0.2;0.064615972;0.108828125;3.191261261;22.11875347;75.01388889
Low;12;14;1;12;612.8579861;0;0.060501736;0.104684722;3.194895833;22.13244444;73.26875
Low;13;14;1;13;608.6045139;0;0.054503125;0.100027778;3.413645833;22.93595486;72.08715278
Low;14;14;1;14;548.6045139;0;0.050075347;0.095535417;3.438506944;22.35578125;70.57118056
Low;15;14;1;15;665.2972222;0;0.045388889;0.091359722;2.920208333;22.56151042;68.62881944
Low;16;14;1;16;568.6392361;0;0.040902083;0.087804514;2.536145833;23.17282986;65.73993056
Low;17;14;1;17;436.7902778;3.02;0.037437847;0.084358333;2.273636364;21.89389583;73.37048611
Low;18;14;1;18;211.7989583;16.44;0.044928472;0.081619792;0.570123457;19.95742014;87.7
Low;19;14;1;19;387.9621528;0.8;0.092394444;0.089900347;0.671754386;19.67739931;86.09479167
Low;20;14;1;20;298.1618056;22.59;0.110253472;0.136530208;0.727579618;19.91664583;88.48194444
Low;21;14;1;21;379.2381944;1.2;0.110230208;0.143281944;0.318081395;20.85771875;83.59895833
Low;22;14;1;22;357.7885417;1.6;0.104209028;0.134680208;0.287086614;20.69124306;84.98472222
Low;23;14;1;23;502.8232639;0;0.101298611;0.131255556;0.295877193;22.73764583;78.57951389
Low;24;14;1;24;602.3979167;0;0.094829514;0.125472917;0.352975207;22.80244444;75.67569444
Low;25;14;1;25;699.3944444;0;0.088276736;0.118273958;0.307849462;22.12287153;71.478125
Low;26;14;1;26;601.2954861;0;0.08210625;0.111271528;0.306047431;21.94726389;72.38611111
Low;27;14;1;27;630.4708333;0.4;0.077282986;0.105920139;0.257410072;21.94740278;74.12256944
Low;28;14;1;28;651.9552083;0;0.072488889;0.100609375;0.267738516;21.27877083;66.62951389
Low;29;14;1;29;498.2486111;0;0.068176389;0.095786111;0.265376884;20.35748611;76.07118056
Low;30;14;1;30;576.6861111;0;0.063163542;0.091771528;0.305252101;21.58345833;69.47708333
Low;31;14;1;31;663.9951389;0;0.0580375;0.086565625;0.281344538;21.22081944;67.15659722
Low;32;14;2;1;618.1618056;0;0.053252083;0.081464236;0.30569378;21.58840972;68.0625
Low;33;14;2;2;571.2086806;0;0.0487;0.07680625;0.285354331;22.24068403;66.65833333
Low;34;14;2;3;665.6270833;0;0.043954514;0.072541667;0.234524715;22.62403472;67.28090278
Low;35;14;2;4;678.1357639;0;0.039126736;0.068453125;0.22467033;22.91995833;62.05104167
Low;36;14;2;5;492.3197917;0;0.034501736;0.064477083;0.212758621;21.88118056;72.934375
Low;37;14;2;6;463.934375;0;0.031023958;0.062004861;0.199152542;20.95190972;75.34201389
Low;38;14;2;7;547.4586806;0;0.027268056;0.060219792;0.223663004;21.86571528;68.24861111
Low;39;14;2;8;603.1444444;0;0.0234375;0.057450347;0.225864662;21.74003819;66.51597222
Low;40;14;2;9;524.6895833;0;0.020075347;0.055749653;0.24009434;21.78573264;68.32430556
Low;41;14;2;10;524.4986111;0;0.017245486;0.053853819;0.204296029;21.40439583;71.12986111
Low;42;14;2;11;538.6913194;0;0.014595833;0.052278472;0.211882353;21.2318125;68.50034722
Low;43;14;2;12;541.2;0;0.012336806;0.050829514;0.24046595;21.19476389;69.015625
Low;44;14;2;13;478.4309028;0;0.010450347;0.049832292;0.257313433;21.86736806;68.66979167
Low;45;14;2;14;382.6446367;5.6;0.00937128;0.04830173;0.45056;21.77659862;75.59480969
Low;46;14;2;15;605.3493056;0;0.008332639;0.04931875;0.266943005;22.78066667;68.11388889
Low;47;14;2;16;504.6982639;0;0.007420139;0.048516667;0.233632287;22.23464583;68.796875
Low;48;14;2;17;384.4378472;0;0.00670625;0.047197222;0.273900415;21.92562847;73.84826389
Low;49;14;2;18;292.954386;0;0.006034375;0.046622569;0.214347826;20.25185106;82.97915194
Low;50;14;2;19;467.2416667;0;0.005851736;0.04675625;0.233107143;20.27092014;80.10625
Low;51;14;2;20;555.8354167;0.4;0.00540625;0.046522917;0.256759582;21.00806944;74.06076389
Low;52;14;2;21;541.5819444;0;0.004674653;0.045342361;0.23641115;21.09858681;74.26527778
Low;53;14;2;22;498.1704861;0.2;0.004217708;0.043230208;0.224245614;20.56130556;78.50381944
Low;54;14;2;23;568.7086806;0;0.003732292;0.042438542;0.214516129;21.68743056;76.90972222
Low;55;14;2;24;525.9309028;0.6;0.003510764;0.040228125;0.215511811;21.07458333;79.49583333
Low;56;14;2;25;470.5554007;0;0.002550347;0.039401736;0.223913043;21.87229965;75.02090592
Low;57;14;2;26;629.8458333;0;0.002253125;0.038545833;0.207234043;21.86585069;72.15
Low;58;14;2;27;519.8979167;0;0.001674306;0.037563194;0.230991736;22.15542014;72.95833333
Low;59;14;2;28;368.2572917;2;0.001065201;0.036522917;0.251925926;22.13227778;72.96145833
Low;60;14;3;1;330.340625;23.4;0.014846154;0.054521528;0.302727273;20.30651736;83.97152778
Low;61;14;3;2;425.4361111;0.4;0.079890278;0.141326389;0.208291457;20.04218403;85.00277778
Low;62;14;3;3;407.4065972;0;0.071946875;0.127739583;0.19;20.64312153;80.82743056
Low;63;14;3;4;480.1236111;0;0.067028472;0.119022222;0.19375;20.67811458;78.08263889
Low;64;14;3;5;487.1722222;0;0.062008681;0.111276389;0.194405594;21.02491319;80.48819444
Low;65;14;3;6;377.996875;0;0.058204861;0.104788194;0.218092486;20.68176736;81.38715278
Low;66;14;3;7;251.9378472;22.6;0.071223264;0.124157292;0.224427481;19.73827083;89.60833333
Low;67;14;3;8;155.1409722;61.6;0.120530208;0.196963194;0.6104;18.99084722;95.71840278
Low;68;14;3;9;375.8354167;1.2;0.102846181;0.152305556;0.228012048;20.33511111;88.10972222
Low;69;14;3;10;375.6704861;0;0.091208333;0.135998264;0.215380117;20.73245486;83.08125
Low;70;14;3;11;440.7225694;0;0.084256597;0.127814931;0.209133858;21.42686111;79.74756944
Low;71;14;3;12;433.8736111;0;0.078084028;0.121953472;0.226;21.43198264;77.86840278
Low;72;14;3;13;364.16875;0;0.072703125;0.116205556;0.21113879;21.47588194;78.88784722
Low;73;14;3;14;457.3979167;0.4;0.068305208;0.111402083;0.216966292;21.07692014;79.45798611
Low;74;14;3;15;327.5842282;0;0.064500671;0.106916107;0.536273585;20.31189933;80.3295302
Low;75;14;3;16;494.6635417;0;0.06101875;0.102179861;3.661630435;21.01069097;75.11006944
Low;76;14;3;17;454.0125;0;0.057361806;0.098134028;3.651614035;20.83836458;76.15590278
Low;77;14;3;18;458.6045139;0;0.054390972;0.093902431;2.739548611;21.19700694;75.58368056
Low;78;14;3;19;443.7086806;0;0.051356597;0.089424306;3.270590278;21.04965625;75.84756944
Low;79;14;3;20;407.4847222;0;0.049210417;0.0850625;2.697743056;22.00465278;75.353125
Low;80;14;3;21;498.2486111;0;0.046330903;0.081088194;1.719494163;24.22770833;70.34965278
Low;81;14;3;22;285.1930556;2.8;0.042439236;0.077189931;1.636875;22.84539583;81.94305556
Low;82;14;3;23;309.5420139;0.4;0.040589236;0.075703472;3.427003891;20.61851042;89.77708333
Low;83;14;3;24;148.2746528;8;0.041782639;0.0747625;3.448715278;17.63460764;94.13576389
Low;84;14;3;25;458.3006944;8.2;0.085317014;0.119025694;3.282326389;19.08705903;89.52083333
Low;85;14;3;26;275.340625;1;0.088422917;0.127276042;2.921715686;19.66470486;86.86909722
Low;86;14;3;27;327.3545139;0.4;0.087014931;0.122757292;NA;19.66622917;85.74201389
Low;87;14;3;28;504.2208333;0;0.081031597;0.118635069;NA;20.8369375;80.45
Low;88;14;3;29;358.1791667;0;0.076028125;0.112735417;NA;20.27360764;85.13784722
Low;89;14;3;30;285.9482639;9.4;0.094322917;0.133844097;NA;20.19707292;88.47743056
Low;90;14;3;31;341.4951389;0;0.095852778;0.135831944;NA;20.93937153;86.54131944
Low;91;14;4;1;351.6166667;0.4;0.089371875;0.127706944;NA;21.34754167;84.775
Low;92;14;4;2;349.2121528;14.8;0.109940972;0.150804167;NA;21.42398611;86.42847222
Low;93;14;4;3;336.2954861;29.2;0.113540278;0.159849306;NA;20.65969097;88.82951389
Low;94;14;4;4;370.9135417;0;0.107850347;0.147093403;NA;20.86385764;86.76597222
Low;95;14;4;5;252.5020833;0.4;0.098872569;0.135011458;NA;19.72786458;88.31006944
Low;96;14;4;6;512.0246528;0;0.092193403;0.127613542;NA;20.48638542;81.52430556
Low;97;14;4;7;506.5732639;0;0.0856625;0.121231944;NA;21.15727083;71.27013889
Low;98;14;4;8;424.090625;0;0.079903819;0.115315625;1.728726115;21.85886111;69.92777778
Low;99;14;4;9;443.8128472;0;0.075679167;0.109820139;1.345769231;22.74253472;67.525
Low;100;14;4;10;429.6288194;14.6;0.091608681;0.126690278;1.846678445;22.71734028;76.08993056
Low;101;14;4;11;407.1982639;0;0.111556944;0.144362847;3.913506944;21.28619792;84.27673611
Low;102;14;4;12;351.746875;0;0.101176389;0.131986806;3.515574913;20.51005556;81.71875
Low;103;14;4;13;303.3527778;0;0.094463194;0.124711458;2.143333333;21.15920139;80.93715278
Low;104;14;4;14;287.1375;0;0.089640625;0.119143403;2.655798611;21.73739236;80.32569444
Low;105;14;4;15;337.2503472;0;0.085125;0.114188194;3.73875;20.72667361;86.28784722
Low;106;14;4;16;325.4795139;0;0.081173264;0.109669097;3.174756944;20.89003472;83.98402778
Low;107;14;4;17;309.7069444;0;0.077122569;0.105311806;2.925208333;21.35701736;82.43020833
Low;108;14;4;18;290.4013889;2;0.073951736;0.101084722;2.474761905;20.77801042;85.70972222
Low;109;14;4;19;320.1496528;0.8;0.071493056;0.097218056;2.32882716;21.65461806;83.52256944
Low;110;14;4;20;372.6409722;0;0.069164236;0.093362153;1.950627178;22.254875;81.34340278
Low;111;14;4;21;380.10625;0;0.066353125;0.089410417;2.898715278;21.41860417;82.71944444
Low;112;14;4;22;424.0732639;0;0.062922569;0.085298958;3.046794425;21.51882292;80.15590278
Low;113;14;4;23;301.5993056;0;0.059653819;0.081689583;1.800142857;20.39180208;85.60659722
Low;114;14;4;24;162.0072917;0;0.058516667;0.079393403;1.258807692;19.5309375;90.04513889
Low;115;14;4;25;339.1513889;1.4;0.056151042;0.076820139;2.761326165;18.45291667;87.67638889
Low;116;14;4;26;404.8024306;0;0.052261806;0.073768056;3.152395833;18.42564236;82.70763889
Low;117;14;4;27;375.3232639;0;0.049107292;0.070722917;3.424548611;17.42066319;78.52916667
Low;118;14;4;28;416.6166667;0;0.045793403;0.067329167;3.163645833;16.33028472;74.78958333
Low;119;14;4;29;277.1809028;0;0.043208681;0.064572917;2.642222222;14.49251736;76.52534722
Low;120;14;4;30;433.2138889;0;0.040232292;0.061485764;3.259652778;15.44301736;70.19097222
Low;121;14;5;1;439.2729167;0;0.037482986;0.059040972;2.056631944;15.95209028;72.85138889
Low;122;14;5;2;437.0420139;0;0.03469375;0.056988889;1.573163636;17.22743056;67.79965278
Low;123;14;5;3;407.6236111;0;0.031923958;0.053040625;3.122695035;17.59932292;70.63055556
Low;124;14;5;4;263.4395833;0;0.029904514;0.050859028;3.182787456;17.44021875;81.33715278
Low;125;14;5;5;429.6895833;0;0.028122917;0.050409028;2.276180556;19.01744792;77.68819444
Low;126;14;5;6;292.8753472;0;0.026125694;0.047343056;2.458111888;19.22169097;80.23611111
Low;127;14;5;7;325.4361111;0;0.024088542;0.045391667;2.723541667;20.07920139;79.66805556
Low;128;14;5;8;257.9361111;16.2;0.047082986;0.077720486;2.268954704;19.36093403;83.75659722
Low;129;14;5;9;332.3545139;0;0.093125347;0.135185069;1.314015152;20.05843403;78.25138889
Low;130;14;5;10;344.8979167;0;0.088027431;0.125729514;2.882777778;18.12240278;80.45381944
Low;131;14;5;11;333.1878472;0;0.083720833;0.118651736;5.353;15.70346875;83.40381944
Low;132;14;5;12;387.9708333;0;0.079682292;0.112492361;NA;15.14857639;74.93368056
Low;133;14;5;13;409.2989583;0;0.075529861;0.106950694;NA;15.76921181;68.54131944
Low;134;14;5;14;408.6045139;0;0.071794444;0.101994097;NA;16.81739583;72.04965278
Low;135;14;5;15;388.3788194;0;0.068356597;0.097499306;NA;17.71522222;75.83576389
Low;136;14;5;16;370.6270833;0;0.065370486;0.092972569;1.727423313;18.52944444;72.42465278
Low;137;14;5;17;390.4881944;0;0.062512847;0.087983681;3.525798611;18.60645486;76.43819444
Low;138;14;5;18;250.0368056;0;0.060043056;0.084035417;3.471490196;17.38046875;82.18194444
Low;139;14;5;19;385.3232639;0;0.057523264;0.080114583;2.10106599;19.70136111;74.02361111
Low;140;14;5;20;375.4708333;0;0.054588889;0.075513542;3.012569444;18.42097222;78.49548611
Low;141;14;5;21;256.1739583;0;0.052343403;0.071846528;2.831597222;17.06029167;78.31111111
Low;142;14;5;22;348.3006944;0;0.049656597;0.068444444;1.909166667;19.45114236;70.15208333
Low;143;14;5;23;361.5385417;0;0.046276389;0.064796181;1.43979021;20.63742014;70.89965278
Low;144;14;5;24;307.7451389;0;0.043259375;0.060709028;1.782605364;21.50412153;73.24097222
Low;145;14;5;25;216.0871528;0;0.041045139;0.056949306;3.807881944;19.44411806;90.16458333
Low;146;14;5;26;251.0697917;3.2;0.041552431;0.056246181;2.005217391;19.88503125;90.33611111
Low;147;14;5;27;270.1236111;3.6;0.042413542;0.057373264;1.41960177;19.76339236;85.41840278
Low;148;14;5;28;343.0489583;0;0.045192014;0.056515972;2.338263889;18.17743403;77.271875
Low;149;14;5;29;334.8979167;0;0.046645486;0.054761806;5.041527778;16.27488889;89.29513889
Low;150;14;5;30;135.1583333;0;0.047667708;0.055007986;4.548854167;15.16153472;94.14375
Low;151;14;5;31;274.0732639;0;0.046359375;0.053760764;3.385833333;15.94061458;85.18194444
Low;152;14;6;1;315.6357639;0;0.044882986;0.052586806;1.892083333;17.15825347;77.32986111
Low;153;14;6;2;192.0420139;0.6;0.043923958;0.052025694;1.233557692;16.87083681;83.82152778
Low;154;14;6;3;290.8875;0;0.042535764;0.051172569;2.199652778;17.99296875;82.56527778
Low;155;14;6;4;343.1704861;0;0.040760069;0.049835417;3.271805556;18.2544375;82.65069444
Low;156;14;6;5;363.4829861;0;0.038852083;0.048657639;2.567604167;18.71767361;79.97395833
Low;157;14;6;6;331.7295139;0;0.037008681;0.047298611;1.762736842;18.64548611;70.28125
Low;158;14;6;7;323.8649306;0;0.034673958;0.045301389;2.351388889;18.79628819;72.42430556
Low;159;14;6;8;352.9708333;0;0.032614583;0.043591667;2.779473684;17.75663194;74.70034722
Low;160;14;6;9;368.8649306;0;0.030470139;0.042598264;2.680486111;18.30472569;78.34375
Low;161;14;6;10;337.5802083;0;0.028443056;0.040445139;4.257951389;17.90321528;78.76215278
Low;162;14;6;11;239.1427083;0.2;0.026807292;0.039489236;4.659409722;16.6486875;85.240625
Low;163;14;6;12;127.45;3.4;0.029225694;0.040339931;4.006805556;15.64253472;95.784375
Low;164;14;6;13;240.184375;0;0.026395486;0.040716667;3.482465278;16.6435;88.33854167
Low;165;14;6;14;205.184375;0.6;0.026403472;0.041234722;3.186140351;16.15420486;88.40798611
Low;166;14;6;15;356.5038194;0;0.024921528;0.041425;2.516770833;17.81590278;81.46597222
Low;167;14;6;16;319.3597222;0;0.023698611;0.040178819;2.802743056;17.45417708;78.58020833
Low;168;14;6;17;356.5993056;0;0.02284375;0.039852083;2.312743056;17.22534028;77.93090278
Low;169;14;6;18;218.2225694;0;0.022141319;0.039286111;2.186909722;16.86409028;85.19791667
Low;170;14;6;19;234.9934028;0;0.021538889;0.039116319;2.215470383;16.90139931;85.77847222
Low;171;14;6;20;185.0975694;0;0.020998611;0.038854514;3.261527778;15.65403472;90.21944444
Low;172;14;6;21;333.1878472;0;0.02039375;0.038612153;3.0184375;15.90481944;82.47152778
Low;173;14;6;22;339.3944444;0;0.019527083;0.038273611;4.100486111;16.23230208;80.51527778
Low;174;14;6;23;198.7173611;0;0.018904167;0.037619792;3.835486111;14.65255903;87.36284722
Low;175;14;6;24;353.1270833;0;0.018292361;0.037773958;2.668194444;16.02092014;77.61354167
Low;176;14;6;25;231.5385417;0;0.017476389;0.036172569;2.516118881;13.86942361;84.99236111
Low;177;14;6;26;335.4795139;0;0.016898611;0.036467014;2.111324042;15.88246181;79.23854167
Low;178;14;6;27;365.2104167;0;0.016015972;0.037151736;2.273576389;17.78328472;76.65798611
Low;179;14;6;28;370.1322917;0;0.014851389;0.036444792;2.56358209;18.69011458;78.38854167
Low;180;14;6;29;341.3041667;0;0.013995486;0.035711458;2.100408163;18.49042708;79.21041667
Low;181;14;6;30;329.715625;0;0.013092708;0.034478472;2.138531469;18.25414583;79.07048611
Low;182;14;7;1;351.6079861;0;0.012245486;0.035688889;1.544125874;19.27539236;64.75034722
Low;183;14;7;2;255.2625;0;0.011355556;0.033356944;1.816383929;19.18051389;71.18402778
Low;184;14;7;3;362.6496528;0;0.010446875;0.033286806;2.105958188;19.32446181;69.93923611
Low;185;14;7;4;346.1305556;0;0.009441319;0.032107986;2.236527778;17.82699306;73.81388889
Low;186;14;7;5;289.5680556;0;0.008613542;0.028996528;2.953216783;15.96786806;77.74756944
Low;187;14;7;6;286.9638889;0;0.007927083;0.028206944;4.078923611;16.63306944;79.66423611
Low;188;14;7;7;370.0888889;1.4;0.008099653;0.028117708;3.743784722;16.90988194;78.98958333
Low;189;14;7;8;231.2434028;0;0.007005556;0.027803472;2.856111111;16.735625;83.29131944
Low;190;14;7;9;231.2347222;0;0.006692708;0.027070139;2.631909722;16.07910069;82.45173611
Low;191;14;7;10;317.8753472;0;0.00640625;0.028214931;2.468292683;17.01503472;79.16423611
Low;192;14;7;11;358.7086806;0;0.006014931;0.0287625;2.648576389;16.76865278;81.05625
Low;193;14;7;12;363.3527778;0;0.005439583;0.027252431;4.123472222;16.26278472;78.42291667
Low;194;14;7;13;221.7815972;0;0.005119444;0.025719444;4.184652778;14.80722569;83.53819444
Low;195;14;7;14;306.825;0;0.004769444;0.026295139;3.309861111;14.07549306;83.16979167
Low;196;14;7;15;316.2696864;0;0.004418815;0.02663554;3.130139373;14.74650523;77.40452962
Low;197;14;7;16;281.35625;0;0.004170833;0.025688889;3.250729167;15.45475694;80.90173611
Low;198;14;7;17;358.6479167;0;0.003973611;0.027213889;2.137673611;16.73379514;73.50451389
Low;199;14;7;18;372.5368056;0;0.003666667;0.028167014;1.906376307;18.57876389;65.65833333
Low;200;14;7;19;328.8388889;0;0.003190278;0.028530903;1.634930556;17.57760764;68.49340278
Low;201;14;7;20;331.9378472;0;0.002874306;0.026797917;3.629895833;16.97940278;81.87638889
Low;202;14;7;21;340.73125;0;0.002649306;0.025095833;3.900902778;15.93944097;84.03819444
Low;203;14;7;22;377.1027778;0;0.002113889;0.025139236;4.2553125;15.57240972;75.63680556
Low;204;14;7;23;367.9881944;0;0.001857986;0.024399306;4.488055556;16.08898264;79.56215278
Low;205;14;7;24;384.0211806;0;0.001627778;0.024777778;3.954409722;17.23975;79.12291667
Low;206;14;7;25;72.91006944;5.4;0.003473264;0.020716667;0.854;15.33980556;92.44930556
Low;207;14;7;26;42.66701389;17.6;0.040082639;0.07628125;NA;14.27947917;93.95277778
Low;208;14;7;27;110.6791667;5.6;0.093256944;0.137015972;NA;14.26901389;94.82048611
Low;209;14;7;28;353.7260417;0.2;0.087862153;0.133945139;4.214230769;15.70321875;87.06701389
Low;210;14;7;29;361.2086806;0;0.082728819;0.126203125;5.286666667;15.2744375;84.40451389
Low;211;14;7;30;237.2677083;0;0.078881597;0.119292361;3.758229167;14.01876389;83.159375
Low;212;14;7;31;396.3302083;0;0.075089583;0.113304861;2.877986111;15.30344097;77.79722222
Low;213;14;8;1;367.3979167;0;0.070936111;0.108751736;2.465972222;15.81313194;81.56458333
Low;214;14;8;2;400.2190972;0;0.067424306;0.103548264;1.484791667;17.77081944;63.48159722
Low;215;14;8;3;434.0211806;0;0.063594444;0.098354167;1.603333333;19.10068056;55.24305556
Low;216;14;8;4;390.0454861;0;0.05988125;0.093199306;1.52456446;19.78559722;52.46875
Low;217;14;8;5;333.0663194;0;0.057019444;0.08846875;2.377743056;19.27745486;58.62013889
Low;218;14;8;6;371.7989583;0;0.054775694;0.083532986;5.213680556;14.49925694;77.71041667
Low;219;14;8;7;430.5489583;0;0.052736458;0.079214931;4.096271777;13.88351389;68.04236111
Low;220;14;8;8;433.3267361;0;0.050584375;0.075936458;2.113506944;15.24347222;60.27743056
Low;221;14;8;9;421.825;0;0.048242708;0.071788194;3.714236111;15.37117708;63.13958333
Low;222;14;8;10;418.1097222;0;0.046596875;0.068457639;4.440972222;15.54535764;66.01423611
Low;223;14;8;11;436.5298611;0;0.044348264;0.065580903;3.301388889;16.19341319;69.78055556
Low;224;14;8;12;436.1826389;0;0.041768056;0.063347917;2.094652778;18.38344097;62.01354167
Low;225;14;8;13;430.0368056;0;0.039074653;0.060639931;1.787777778;19.68832292;56.02673611
Low;226;14;8;14;259.7590278;0;0.037166319;0.054362153;5.256666667;16.18179167;80.85520833
Low;227;14;8;15;362.4326389;0;0.035734028;0.052495833;5.348432056;16.07358681;78.37986111
Low;228;14;8;16;391.0263889;0.2;0.033838194;0.05028125;5.183472222;16.26652778;83.69826389
Low;229;14;8;17;204.5767361;0.2;0.033580208;0.048519444;4.082395833;16.25113194;89.35243056
Low;230;14;8;18;323.4135417;1.8;0.032350694;0.047900347;2.662847222;17.41164583;83.68680556
Low;231;14;8;19;421.6600694;0;0.029430903;0.046674306;2.995208333;18.12023611;76.44444444
Low;232;14;8;20;437.6583333;0;0.027369444;0.044985069;3.438159722;17.76713194;70.44444444
Low;233;14;8;21;433.8041667;0;0.025592361;0.042353819;3.1040625;17.11142014;70.26875
Low;234;14;8;22;468.85625;0;0.023748611;0.042804514;1.9678125;18.51378819;60.91631944
Low;235;14;8;23;473.075;0;0.021436806;0.040088542;2.763854167;18.61433681;56.23854167
Low;236;14;8;24;476.7642361;0;0.019442014;0.037143403;3.600625;17.76211111;52.13263889
Low;237;14;8;25;473.3180556;0;0.017849306;0.035778125;2.195923345;18.58024306;52.75868056
Low;238;14;8;26;400.9395833;0;0.016094792;0.035522569;3.06579646;21.02863889;54.16701389
Low;239;14;8;27;448.1878472;0;0.014418056;0.034742014;1.588571429;22.61596181;52.40069444
Low;240;14;8;28;424.5940972;0;0.012462153;0.032907639;3.048506944;21.94009375;60.09027778
Low;241;14;8;29;435.0541667;0.4;0.010902778;0.030518403;4.36375;19.14495833;78.3875
Low;242;14;8;30;403.0315972;0;0.009690625;0.028704861;3.873576389;18.92633333;83.72847222
Low;243;14;8;31;469.3770833;0;0.008394444;0.028552083;3.325729167;20.16705208;73.67118056
Low;244;14;9;1;385.4708333;0;0.007219444;0.028638542;1.836713287;21.57901042;61.41701389
Low;245;14;9;2;439.3597222;0;0.006350694;0.028386458;1.990625;23.08428125;56.32986111
Low;246;14;9;3;300.8614583;7;0.006752778;0.024880208;1.572741935;20.72469097;72.96909722
Low;247;14;9;4;480.028125;0;0.006007639;0.023878125;2.710590278;19.59846528;71.44270833
Low;248;14;9;5;492.684375;0;0.005349306;0.021401389;5.730451389;15.26552778;74.89479167
Low;249;14;9;6;480.2190972;0;0.005000347;0.020358333;5.557986111;13.74094097;70.57361111
Low;250;14;9;7;471.7815972;0;0.004718403;0.020338889;3.736458333;15.03239236;71.60763889
Low;251;14;9;8;491.9725694;0;0.004614583;0.020241319;4.127708333;16.00498958;68.99722222
Low;252;14;9;9;503.4222222;0;0.004465278;0.020011111;4.440347222;17.30819444;66.96180556
Low;253;14;9;10;434.5680556;0;0.004292361;0.019356597;4.078715278;17.86139931;69.86944444
Low;254;14;9;11;532.6236111;0;0.004095486;0.020643403;3.151145833;18.66795833;65.89340278
Low;255;14;9;12;463.4222222;0;0.003800347;0.019314931;3.844895833;18.43573264;62.56423611
Low;256;14;9;13;499.0211806;0;0.003309375;0.018509375;4.894409722;18.61419097;63.41354167
Low;257;14;9;14;516.9465278;0;0.002811458;0.018380208;4.491388889;18.67704167;64.14861111
Low;258;14;9;15;477.9881944;0;0.002211458;0.017353819;3.414027778;18.05039236;64.16423611
Low;259;14;9;16;510.9135417;0;0.002136806;0.018276042;2.838381295;22.42469097;52.19965278
Low;260;14;9;17;497.3545139;0;0.001692014;0.017714583;4.592395833;21.37217708;64.46041667
Low;261;14;9;18;511.6427083;0;0.000939785;0.016481597;4.810381944;20.34598264;67.68333333
Low;262;14;9;19;414.1427083;0;0.000425781;0.01526875;3.625759717;20.05007986;64.32986111
Low;263;14;9;20;463.0402778;0;0.000678824;0.014947222;1.572361111;22.88009375;51.02951389
Low;264;14;9;21;492.1809028;0;0.00050641;0.014957292;2.229655172;23.50796528;56.31458333
Low;265;14;9;22;516.1045139;0;3.00E-04;0.013721528;4.423267974;19.9583125;71.98506944
Low;266;14;9;23;498.934375;0;NA;0.011761806;4.964270833;17.91974306;70.99444444
Low;267;14;9;24;475.3579861;0;NA;0.010874306;4.030381944;18.47437847;63.08888889
Low;268;14;9;25;514.3336806;0;NA;0.010944444;3.613333333;20.49907639;58.56736111
Low;269;14;9;26;512.3979167;0;NA;0.010073611;3.973090278;20.17145486;62.346875
Low;270;14;9;27;679.1166667;239.83;1.951168571;0.009761458;3.673680556;22.94008333;50.81701389
Low;271;14;9;28;708.1444444;296.02;1.928222857;0.009001736;4.598020833;21.45846875;64.82673611
Low;272;14;9;29;475.3753472;0;NA;0.008186111;3.518854167;22.08181597;67.98159722
Low;273;14;9;30;497.7625;9;3.00E-04;0.007488194;2.139201389;24.29206944;63.18993056
Low;274;14;10;1;500.4013889;1.2;0.000766667;0.005001049;2.395502646;23.49499653;70.86319444
Low;275;14;10;2;534.6114583;4;0.054068327;0.09021831;NA;21.56818403;70.67326389
Low;276;14;10;3;519.4465278;0;0.049093403;0.076510417;NA;17.03709375;65.06458333
Low;277;14;10;4;527.6583333;0;0.045754167;0.065583681;4.619388489;14.42030208;64.10763889
Low;278;14;10;5;567.4065972;0;0.042328125;0.058057292;3.843263889;14.48075694;61.92673611
Low;279;14;10;6;525.8006944;0;0.039394792;0.051370139;3.759965278;15.11261458;63.14236111
Low;280;14;10;7;486.1913194;0;0.036772569;0.044905556;3.736076389;16.15912847;64.99618056
Low;281;14;10;8;578.1444444;0;0.033710069;0.039862153;4.021597222;17.46043056;64.05208333
Low;282;14;10;9;580.6184028;0;0.030420139;0.033867708;4.340173611;17.68815278;67.13541667
Low;283;14;10;10;583.5958333;0;0.026642708;0.028606944;3.816354167;19.2100625;62.73506944
Low;284;14;10;11;606.3822917;0;0.022873264;0.024919444;3.006717172;22.31098611;53.08090278
Low;285;14;10;12;589.2729167;0;0.01873125;0.02129375;3.156006944;23.94274306;51.91597222
Low;286;14;10;13;565.4447917;0;0.014757292;0.017571181;3.751041667;23.647375;53.51458333
Low;287;14;10;14;471.9378472;0;0.011529167;0.015099653;2.44625;26.02876042;42.88159722
Low;288;14;10;15;1.2;0;0.009190909;0.012987879;2.395;23.38306061;40.18484848
Low;289;14;10;16;281.8198347;0;0.009838017;NA;4.355041322;21.311;72.83884298
Low;290;14;10;17;536.9552083;0;0.009357986;NA;3.31875;23.48170139;59.628125
Low;291;14;10;18;546.0958333;0;0.008259375;NA;3.356168831;25.58531944;45.59444444
Low;292;14;10;19;495.2277778;4;0.007060069;NA;2.000625;25.86085417;49.95868056
Low;293;14;10;20;447.528125;11.8;0.007452431;NA;2.237912088;23.95158333;62.95729167
Low;294;14;10;21;273.7520833;0.2;0.052678125;NA;4.233506944;19.32837847;85.69166667
Low;295;14;10;22;165.0975694;1.2;0.05425625;NA;4.7265625;16.86791319;93.44236111
Low;296;14;10;23;413.4222222;0;0.052959375;NA;4.049930556;17.79275694;85.03888889
Low;297;14;10;24;583.0142361;0;0.048269444;NA;3.870659722;19.91441319;74.60798611
Low;298;14;10;25;478.1357639;0;0.044423611;NA;3.48125;21.10004861;70.02534722
Low;299;14;10;26;129.2381944;20.2;0.063577431;NA;2.350915493;18.05125347;90.36423611
Low;300;14;10;27;357.8840278;0.4;0.083664583;NA;2.397944444;19.88568056;81.82743056
Low;301;14;10;28;478.4916667;10.4;0.092313194;NA;5.311582734;17.09620486;89.73125
Low;302;14;10;29;534.5854167;1.4;0.083040278;NA;4.294965278;18.98054167;83.18854167
Low;303;14;10;30;294.090625;1;0.080157986;NA;3.147396694;19.63772222;87.21493056
Low;304;14;10;31;435.1149306;0;0.075871528;NA;NA;21.09872569;80.00173611
Low;305;14;11;1;610.8527778;0;0.068854514;NA;NA;21.35557639;74.31979167
Low;306;14;11;2;598.5003472;0;0.064;NA;NA;20.45438889;71.65277778
Low;307;14;11;3;588.7347222;0;0.060283333;NA;NA;20.75302083;70.35972222
Low;308;14;11;4;628.8215278;0;0.057254167;NA;3.161932773;20.52769097;69.55069444
Low;309;14;11;5;479.559375;0;0.054015278;NA;3.419236111;22.76150694;65.85138889
Low;310;14;11;6;599.5680556;0;0.050955556;NA;3.930243056;23.06078472;67.22708333
Low;311;14;11;7;633.9170139;0;0.047715972;NA;4.306631944;22.53630208;70.85173611
Low;312;14;11;8;514.2034722;0;0.044284722;NA;2.56;23.68123958;68.10520833
Low;313;14;11;9;460.6270833;25.6;0.050095833;NA;3.762048611;22.14731944;80.12152778
Low;314;14;11;10;400.0107639;11.4;0.108240972;NA;3.674040816;20.42996528;86.70694444
Low;315;14;11;11;526.8944444;0;0.100247569;NA;4.126490066;20.44451389;83.55798611
Low;316;14;11;12;405.9743056;5.8;0.091853819;NA;4.020555556;20.18111458;86.44826389
Low;317;14;11;13;353.2746528;0.8;0.096713542;NA;NA;21.1713125;84.25138889
Low;318;14;11;14;534.1427083;9;0.093291319;NA;2.086575342;21.76052778;83.096875
Low;319;14;11;15;304.9934028;9.8;0.115205556;NA;NA;18.14243056;94.40243056
Low;320;14;11;16;564.2555556;0;0.101840625;NA;NA;18.48202431;82.34895833
Low;321;14;11;17;470.2364583;0;0.089685764;NA;NA;19.25064583;79.10868056
Low;322;14;11;18;642.1809028;0;0.081149306;NA;NA;18.86282639;71.90659722
Low;323;14;11;19;656.0871528;0;0.074673264;NA;NA;18.31990625;66.65486111
Low;324;14;11;20;523.7954861;0;0.070446875;NA;NA;18.80567361;71.45590278
Low;325;14;11;21;667.8319444;0;0.066608681;NA;3.789112903;21.37652778;70.31736111
Low;326;14;11;22;518.4048611;0;0.062845833;NA;3.736527778;22.60925;74.72604167
Low;327;14;11;23;258.0402778;28.8;0.086820486;NA;4.282702703;20.70706944;90.01423611
Low;328;14;11;24;267.0854167;6;0.111685764;NA;NA;19.99689931;91.59791667
Low;329;14;11;25;340.4881944;37.6;0.120345139;NA;NA;20.33822569;89.28402778
Low;330;14;11;26;358.1010417;7.8;0.118739236;NA;NA;20.48995833;89.26875
Low;331;14;11;27;350.4881944;16.2;0.11575;NA;NA;21.63740972;85.94097222
Low;332;14;11;28;160.028125;44.6;0.137151042;NA;NA;19.2783125;96.22013889
Low;333;14;11;29;446.7555556;1;0.118452083;NA;NA;20.2806875;89.78020833
Low;334;14;11;30;291.66875;2.6;0.108319444;NA;NA;19.00738542;94.3625
Low;335;14;12;1;293.1270833;2.2;0.110409375;NA;NA;17.44956944;89.51597222
Low;336;14;12;2;438.8649306;0;0.104607986;NA;NA;18.88272569;84.02152778
Low;337;14;12;3;635.5576389;0;0.095939236;NA;2.917818182;20.87652083;76.76805556
Low;338;14;12;4;510.6878472;14.6;0.106439236;NA;2.367598425;21.58238542;76.05972222
Low;339;14;12;5;303.7173611;9.2;0.114678125;NA;NA;19.72345833;86.76319444
Low;340;14;12;6;226.4951389;3.2;0.122924653;NA;NA;17.44711111;91.58020833
Low;341;14;12;7;460.8267361;0.2;0.110492361;NA;NA;19.41863194;81.60486111
Low;342;14;12;8;383.6479167;0;0.101653819;NA;NA;20.13486111;82.21388889
Low;343;14;12;9;516.3128472;0;0.094707986;NA;NA;21.12727083;81.90868056
Low;344;14;12;10;658.934375;0;0.088065972;NA;NA;21.32311806;75.971875
Low;345;14;12;11;716.2954861;0;0.082056597;NA;NA;21.62996528;73.48333333
Low;346;14;12;12;672.8840278;0;0.076967361;NA;NA;22.40230903;70.61666667
Low;347;14;12;13;374.559375;19.8;0.084546181;NA;NA;20.51430208;84.371875
Low;348;14;12;14;279.5680556;22.2;0.134295833;NA;NA;19.97780556;91.79340278
Low;349;14;12;15;379.2555556;22.4;0.133884375;NA;NA;20.44363889;88.04131944
Low;350;14;12;16;568.9951389;2.8;0.112295139;NA;NA;20.0348125;88.08333333
Low;351;14;12;17;613.2108696;0;0.106899638;NA;NA;21.38071739;78.30978261
Low;352;14;12;18;694.2555556;0;0.097698958;NA;NA;22.02506597;74.53298611
Low;353;14;12;19;545.2277778;0;0.090229861;NA;2.680641026;23.04532292;72.825
Low;354;14;12;20;459.4465278;16;0.098777083;NA;2.191871921;22.68067708;78.92291667
Low;355;14;12;21;380.1149306;43.4;0.138554167;NA;1.914615385;21.30118403;87.05069444
Low;356;14;12;22;514.1079861;6.2;0.128050694;NA;1.913225806;22.40350347;83.78854167
Low;357;14;12;23;397.3458333;0;0.122344097;NA;1.926018519;22.52400694;82.44548611
Low;358;14;12;24;700.8180556;0;0.111031597;NA;3.964095238;22.90361806;73.64930556
Low;359;14;12;25;629.2381944;0;0.100322222;NA;3.090557491;21.80361111;71.77395833
Low;360;14;12;26;644.6982639;0;0.093033333;NA;3.722777778;22.43410069;71.64409722
Low;361;14;12;27;645.1670139;0;0.087225;NA;3.058958333;21.96107986;72.49097222
Low;362;14;12;28;711.3388889;0;0.081769097;NA;2.272937063;23.25483333;61.18784722
Low;363;14;12;29;472.371875;3;0.076778819;NA;1.647377622;24.50682292;60.03090278
Low;364;14;12;30;383.8128472;0.2;0.073456944;NA;2.072227979;25.13501389;59.07361111
Low;365;14;12;31;428.0489583;1.2;0.070147917;NA;2.5076;24.67392361;68.66319444
Mid;1;14;1;1;395.5576389;0.4;0.379499653;0.758851389;0.858529412;23.85828819;80.69652778
Mid;2;14;1;2;663.3440972;0;0.393312847;0.708715625;1.841610487;24.42425694;69.15
Mid;3;14;1;3;686.3736111;0;0.401272727;0.662730208;1.819861111;23.32727431;62.57847222
Mid;4;14;1;4;679.7243056;0;0.388654514;0.562127431;1.587877698;22.67657986;64.64861111
Mid;5;14;1;5;563.23125;0;0.366770833;0.461944097;2.052048611;21.6574375;66.96770833
Mid;6;14;1;6;708.0315972;0;0.342447222;0.479792708;2.531458333;21.31851389;68.08298611
Mid;7;14;1;7;513.2225694;0;0.317513889;0.469814236;2.353506944;19.86111458;73.07256944
Mid;8;14;1;8;607.8666667;0;0.301524306;0.420705556;2.292708333;20.59621181;73.04201389
Mid;9;14;1;9;505.4274306;0;0.288598258;0.358409028;2.702916667;20.51555903;78.38368056
Mid;10;14;1;10;463.2399306;3.4;0.282748611;0.386938542;2.498958333;20.63842014;85.54444444
Mid;11;14;1;11;544.9065972;0;0.280694097;0.391622222;2.560555556;21.48469792;78.50694444
Mid;12;14;1;12;680.4361111;0;0.271003472;0.328809722;2.032167832;21.80976042;74.61423611
Mid;13;14;1;13;620.0628472;0;0.262097569;0.331006944;2.343576389;22.22914931;75.75138889
Mid;14;14;1;14;592.9447917;0;0.252319792;0.301390625;2.364930556;21.92395833;70.684375
Mid;15;14;1;15;621.3302083;0;0.243754514;0.267046181;1.77445993;22.19045486;70.16284722
Mid;16;14;1;16;598.4222222;0;0.236048958;0.218670139;1.553006993;22.89919792;67.48854167
Mid;17;14;1;17;492.1635417;7.06;0.229005903;0.294675;1.421087719;21.87271875;73.50590278
Mid;18;14;1;18;256.35625;28.99;0.273801736;0.30954375;1.165466102;19.68673264;87.084375
Mid;19;14;1;19;412.8319444;1.41;0.376313889;0.290949653;1.348;19.32039931;88.41979167
Mid;20;14;1;20;325.7572917;24.17;0.3487;0.27255;1.184142857;19.488375;90.66944444
Mid;21;14;1;21;439.715625;3.23;0.380041634;0.284746528;1.595122807;20.47128819;85.82604167
Mid;22;14;1;22;408.9951389;5;0.3850344;0.232783333;1.372714286;20.77984028;83.55034722
Mid;23;14;1;23;513.2920139;0;0.384452878;0.240828819;1.597038328;22.28507639;79.92847222
Mid;24;14;1;24;564.5767361;0;0.570984586;0.247675694;2.108715278;22.49576736;76.82465278
Mid;25;14;1;25;695.340625;0;0.34862902;0.250510417;1.838815331;21.86392361;71.13263889
Mid;26;14;1;26;568.0663194;0;0.317256767;0.247259722;2.223601399;21.748625;72.43541667
Mid;27;14;1;27;613.2138889;3;0.308494624;0.23531875;2.840902778;21.34962153;76.76284722
Mid;28;14;1;28;658.6913194;0;0.294253147;0.2217875;2.936180556;20.89182986;68.57430556
Mid;29;14;1;29;530.0541667;0;0.279816667;0.214218467;2.424529617;20.13075347;77.48923611
Mid;30;14;1;30;492.1982639;0;0.269265625;0.252959028;2.477881944;20.90884722;73.78958333
Mid;31;14;1;31;679.7503472;0;0.259403125;0.247799653;2.366145833;20.84278472;69.65833333
Mid;32;14;2;1;636.1305556;0;0.249385069;0.240274653;2.553846154;21.40718403;69.33090278
Mid;33;14;2;2;595.6270833;0;0.240264931;0.232718056;2.501290323;21.86152083;67.86597222
Mid;34;14;2;3;667.6149306;0;0.23223125;0.22549375;2.915555556;21.99383681;69.97291667
Mid;35;14;2;4;677.6670139;0;0.223990625;0.218082986;2.709722222;23.0095625;61.32291667
Mid;36;14;2;5;466.8944444;0;0.308204643;0.211922569;2.69625;21.16309028;76.21631944
Mid;37;14;2;6;501.3302083;0;0.210754861;0.205683681;2.887708333;20.47371181;78.07118056
Mid;38;14;2;7;614.16875;0;0.204047368;0.19978125;2.586215278;21.42723264;70.28229167
Mid;39;14;2;8;629.0993056;0;0.196397213;0.193311458;2.710138889;21.43738542;67.97430556
Mid;40;14;2;9;595.4100694;0;0.189350357;0.186776389;2.113194444;21.46301389;69.46041667
Mid;41;14;2;10;531.4604167;0;0.183289825;0.18043125;2.681944444;20.97038542;73.00034722
Mid;42;14;2;11;589.9934028;0;0.177611806;0.174128125;2.548576389;20.75055208;70.83888889
Mid;43;14;2;12;534.7503472;0;0.171683681;0.167961806;2.330555556;20.74936111;71.23611111
Mid;44;14;2;13;521.8163194;0;0.166255556;0.162331944;2.017118056;21.90077778;68.59895833
Mid;45;14;2;14;433.8822917;4.4;0.163833333;0.157539236;1.704409722;21.83620139;74.93402778
Mid;46;14;2;15;669.7402098;0;0.162290909;0.155911888;1.896398601;22.85348951;67.33076923
Mid;47;14;2;16;553.6652778;0;0.153693056;0.149793056;1.977013889;21.89872222;70.38090278
Mid;48;14;2;17;440.1236111;0;0.148054861;0.145582986;2.275104167;21.46030208;76.55520833
Mid;49;14;2;18;330.4534722;0;0.143652431;0.142153125;2.345034722;19.98018403;83.40347222
Mid;50;14;2;19;479.2989583;0.2;0.140081944;0.13896875;2.876319444;19.82243403;81.94409722
Mid;51;14;2;20;590.5315972;0;0.134495486;0.135950347;2.671076389;20.77656944;75.3625
Mid;52;14;2;21;580.5402778;1.8;0.1273125;0.132664583;2.6371875;20.44455903;77.51284722
Mid;53;14;2;22;499.6027778;0;0.122861458;0.129596181;3.270625;19.88988194;81.74965278
Mid;54;14;2;23;606.1913194;0;0.118769097;0.126696181;2.876423611;21.21432986;79.20659722
Mid;55;14;2;24;500.8354167;1.8;0.114248958;0.123393056;2.606770833;20.43789583;82.64375
Mid;56;14;2;25;496.4864583;0;0.110827431;0.120940625;2.58875;21.30147569;77.85277778
Mid;57;14;2;26;625.73125;0;0.102197917;0.117502431;3.256805556;21.31331597;74.528125
Mid;58;14;2;27;592.4847222;0;0.088004167;0.113563542;1.970451389;21.96955903;74.80069444
Mid;59;14;2;28;384.3770833;7.6;0.0758125;0.110014583;1.418356643;22.03048611;72.68472222
Mid;60;14;3;1;329.0645833;30.2;0.08818764;0.111440278;1.145503597;20.14994792;84.15902778
Mid;61;14;3;2;393.9951389;0.4;0.179473264;0.156473611;1.954861111;19.7609375;85.59479167
Mid;62;14;3;3;391.1739583;1.6;0.160534028;0.146709028;2.858090278;19.90834375;84.11597222
Mid;63;14;3;4;519.4465278;0;0.146807639;0.140038889;2.938611111;20.20876389;80.33333333
Mid;64;14;3;5;499.0819444;0;0.135471528;0.134835069;2.6721875;20.62735764;82.77708333
Mid;65;14;3;6;387.6496528;0;0.128438129;0.131225694;1.705684211;20.53610417;81.91736111
Mid;66;14;3;7;211.4864583;51.6;0.159948611;0.15435625;1.152164948;19.28595833;90.49965278
Mid;67;14;3;8;160.0107639;47.2;0.317070833;0.300041667;0.712160494;18.98222222;95.38993056
Mid;68;14;3;9;392.7538194;0.2;0.373275347;0.327288194;1.391165414;19.92284028;90.62395833
Mid;69;14;3;10;411.7902778;0;0.399404167;0.312480903;1.609273504;20.47606597;82.80555556
Mid;70;14;3;11;357.8232639;0;0.35917153;0.305741319;2.068601399;20.80774653;82.353125
Mid;71;14;3;12;444.2815972;0;0.326042361;0.294296181;2.120694444;20.91644792;80.17881944
Mid;72;14;3;13;402.3458333;0;0.300619231;0.277842708;2.575034722;20.79221528;81.96354167
Mid;73;14;3;14;416.746875;1.8;0.291570909;0.270372222;2.391215278;20.25039931;82.72951389
Mid;74;14;3;15;429.403125;0;0.28067446;0.265263889;2.3809375;20.07024653;82.78229167
Mid;75;14;3;16;517.995302;0;0.269808054;0.25989094;2.44852349;20.55548993;77.04597315
Mid;76;14;3;17;514.0993056;0;0.259859375;0.253941667;2.557569444;20.6303125;77.69756944
Mid;77;14;3;18;494.1253472;0;0.250947222;0.24599375;1.917777778;20.89619444;77.321875
Mid;78;14;3;19;481.4517361;0;0.242720486;0.238365278;2.052673611;20.83485764;77.46354167
Mid;79;14;3;20;496.4604167;0;0.235319444;0.23109375;1.865902778;22.04401736;76.25625
Mid;80;14;3;21;549.715625;0;0.228040278;0.223951736;1.450659722;24.05151389;71.2
Mid;81;14;3;22;381.1479167;0.2;0.221884507;0.218523958;1.293202847;23.32378125;77.85625
Mid;82;14;3;23;281.3996528;1.2;0.216619512;0.213962847;2.66048951;20.16134722;90.865625
Mid;83;14;3;24;152.1982639;11.4;0.214941197;0.208894097;2.936736111;17.09753472;95.63645833
Mid;84;14;3;25;461.35625;6.4;0.224839583;0.216426042;2.543854167;18.73146528;90.65625
Mid;85;14;3;26;297.9361111;0;0.229389931;0.228629167;2.670902778;19.22726042;87.56631944
Mid;86;14;3;27;379.4638889;0.6;0.228073958;0.227414931;2.862152778;19.29552431;86.19131944
Mid;87;14;3;28;543.5263889;0;0.224726736;0.223197222;3.042361111;20.40562153;82.35347222
Mid;88;14;3;29;323.7086806;0;0.221054861;0.219047569;2.6175;19.48378125;89.00555556
Mid;89;14;3;30;294.6635417;7.6;0.220243403;0.215288194;1.856655052;19.68173611;91.48541667
Mid;90;14;3;31;386.7555556;0.2;0.222457143;0.219369097;1.603125;20.65452778;88.17638889
Mid;91;14;4;1;439.95;0.8;0.220103125;0.217238889;1.523310105;21.27932292;85.09166667
Mid;92;14;4;2;321.2868056;13.6;0.227316319;0.221513194;1.670174216;20.77823958;90.02986111
Mid;93;14;4;3;338.1010417;17;0.280771528;0.272752778;1.65458042;20.29901736;90.57291667
Mid;94;14;4;4;434.1079861;0;0.381465278;0.309392361;2.520694444;20.53604167;87.41006944
Mid;95;14;4;5;286.6253472;0;0.337596181;0.299375694;3.239513889;19.473875;88.146875
Mid;96;14;4;6;496.3302083;0;0.308829965;0.286570139;2.295694444;20.05958681;82.90416667
Mid;97;14;4;7;542.6930556;0;0.288903125;0.274655556;1.117168459;21.45292014;66.61527778
Mid;98;14;4;8;506.7208333;0;0.275076042;0.266151736;1.1746875;22.47536458;67.11701389
Mid;99;14;4;9;458.0923611;0;0.263707986;0.258431597;0.952035088;23.19871528;63.78159722
Mid;100;14;4;10;458.7086806;0;0.253857986;0.250250347;1.422682927;23.20859722;71.33020833
Mid;101;14;4;11;460.7399306;0;0.244559028;0.242106944;2.595902778;21.06178819;84.33958333
Mid;102;14;4;12;393.8215278;0;0.236379861;0.234022222;2.2703125;20.28545833;83.25451389
Mid;103;14;4;13;311.5038194;0;0.229522917;0.226934028;1.353784722;20.97277083;81.09166667
Mid;104;14;4;14;343.8822917;0;0.223500347;0.220349306;2.062430556;21.49264931;80.47569444
Mid;105;14;4;15;331.0958333;0;0.217752778;0.214345139;2.318402778;20.24219792;87.21423611
Mid;106;14;4;16;440.0628472;0;0.211947222;0.207955556;2.245972222;20.79850694;84.04791667
Mid;107;14;4;17;368.934375;0;0.206234375;0.200225;2.168298611;20.97748264;83.44583333
Mid;108;14;4;18;373.1965278;1;0.201434722;0.195207292;1.799930314;21.01707986;84.01006944
Mid;109;14;4;19;315.0194444;1.2;0.197184375;0.19084375;1.433888889;21.69797569;83.73333333
Mid;110;14;4;20;407.0680556;17.6;0.203790625;0.185954514;1.307003484;22.17771181;82.95243056
Mid;111;14;4;21;394.0038194;0;0.218968056;0.202356944;2.0078125;21.20964583;84.21284722
Mid;112;14;4;22;473.9604167;0;0.218158333;0.204565972;2.000798611;21.21563542;82.359375
Mid;113;14;4;23;422.9274306;0;0.213709722;0.201304167;1.235115385;20.96303125;83.34131944
Mid;114;14;4;24;193.85625;4;0.210711806;0.199111806;0.9768;19.55404861;89.63055556
Mid;115;14;4;25;459.0645833;0.8;0.207272569;0.196851736;2.069370629;18.29626736;87.34131944
Mid;116;14;4;26;406.2;0;0.201019792;0.192385764;2.115243056;18.11516667;83.09513889
Mid;117;14;4;27;426.3215278;0;0.194477431;0.187772222;2.524305556;17.43578472;76.71458333
Mid;118;14;4;28;477.9361111;0;0.18785625;0.182734722;3.042361111;16.37001736;73.10972222
Mid;119;14;4;29;298.3788194;0;0.182518403;0.177859375;2.049236111;14.44507639;75.51215278
Mid;120;14;4;30;448.934375;0;0.177513889;0.172211111;2.133993056;15.27457986;71.16319444
Mid;121;14;5;1;472.3197917;0;0.172203819;0.166927431;1.339719298;17.03986458;68.40243056
Mid;122;14;5;2;475.2972222;0;0.167072917;0.161774653;1.497342657;18.99989236;58.66909722
Mid;123;14;5;3;388.23125;0;0.161929861;0.156693056;2.549097222;17.45504861;70.70138889
Mid;124;14;5;4;249.246875;0;0.1581;0.152194444;1.972638889;17.00646528;84.16979167
Mid;125;14;5;5;418.0229167;0;0.1553777;0.148594097;1.42875;19.1338125;78.171875
Mid;126;14;5;6;299.4378472;0;0.15135;0.144982639;1.747395833;19.04916667;81.44756944
Mid;127;14;5;7;336.8336806;0;0.147816667;0.141489236;1.793819444;19.74190278;81.68993056
Mid;128;14;5;8;303.4482639;13;0.164991473;0.137791319;1.361428571;19.52240278;83.71631944
Mid;129;14;5;9;379.6375;0;0.176506944;0.150051389;1.050334572;20.51550347;75.27534722
Mid;130;14;5;10;373.0229167;0;0.160568056;0.142868403;2.121643357;19.3233125;73.77881944
Mid;131;14;5;11;405.4621528;0;0.149648264;0.137927083;3.568402778;15.55192361;82.10416667
Mid;132;14;5;12;429.7677083;0;0.142614583;0.134732986;2.607881944;14.82667361;75.65451389
Mid;133;14;5;13;444.7416667;0;0.137374306;0.131705208;1.584861111;16.14304861;66.52951389
Mid;134;14;5;14;447.8493056;0;0.133439236;0.128720833;1.412430556;17.48304167;69.80763889
Mid;135;14;5;15;454.5506944;0;0.130657986;0.12608125;1.757291667;17.92130903;74.68541667
Mid;136;14;5;16;419.9456446;0;0.127892334;0.123307317;1.305839161;19.61181185;66.21986063
Mid;137;14;5;17;431.9465278;0;0.124489199;0.121127778;2.725416667;18.76009028;75.55590278
Mid;138;14;5;18;270.73125;0;0.121394097;0.11905;2.220659722;17.28477778;81.99270833
Mid;139;14;5;19;421.1826389;0;0.118472222;0.117324653;1.453194444;19.81650694;73.53020833
Mid;140;14;5;20;377.0767361;0;0.115312847;0.115204861;2.016145833;18.32087153;80.525
Mid;141;14;5;21;271.0177083;0;0.112253819;0.113267361;1.745069444;17.13310069;79.13506944
Mid;142;14;5;22;393.2659722;0;0.108478472;0.111037847;1.281007194;20.25725694;66.71770833
Mid;143;14;5;23;396.5559028;0;0.104085417;0.108917708;0.83464684;22.19322569;64.31770833
Mid;144;14;5;24;328.6913194;0;0.099459286;0.106634375;1.187391304;22.31862153;68.55902778
Mid;145;14;5;25;207.4847222;0;0.096090972;0.104496875;2.138402778;18.7784375;93.25208333
Mid;146;14;5;26;188.0923611;1.6;0.096176042;0.102744097;1.0225;19.46961111;92.35659722
Mid;147;14;5;27;303.1010417;6.4;0.098980903;0.100682986;1.138664122;20.20225347;82.48229167
Mid;148;14;5;28;1.2;0;0.102797222;0.0995625;1.462210526;19.31815972;69.27847222
Mid;149;14;5;29;NA;0;0.100975347;0.099503472;3.047916667;16.20676389;89.55416667
Mid;150;14;5;30;NA;0.4;0.100021181;0.098335764;3.100763889;14.44723264;97.34270833
Mid;151;14;5;31;NA;0;0.098877083;0.097339931;2.190590278;15.91358681;86.503125
Mid;152;14;6;1;NA;0;0.096361806;0.095613889;1.223169014;17.87914583;73.56944444
Mid;153;14;6;2;NA;0;0.094696875;0.093898611;0.870727273;17.47220486;80.58472222
Mid;154;14;6;3;NA;0;0.092827431;0.092363194;1.554479167;18.48580556;81.67569444
Mid;155;14;6;4;NA;0;0.089365972;0.090532639;2.045;18.05117361;83.66354167
Mid;156;14;6;5;NA;0;0.084091986;0.088330208;1.358741259;18.81027778;78.98159722
Mid;157;14;6;6;NA;0;0.077264583;0.086061806;1.192057762;19.95611111;65.04895833
Mid;158;14;6;7;NA;0;0.068868403;0.083445486;1.683298611;19.03042361;71.21944444
Mid;159;14;6;8;NA;0;0.06;0.080934028;1.752439024;18.34427778;72.22534722
Mid;160;14;6;9;NA;0;0.050915625;0.078495833;1.837465278;18.62975347;77.22881944
Mid;161;14;6;10;NA;0;0.042017014;0.076004167;3.419409722;17.74877083;79.72013889
Mid;162;14;6;11;NA;0.2;0.034272569;0.073545486;3.795555556;16.11597222;87.48506944
Mid;163;14;6;12;NA;5;0.035200347;0.073449306;2.986006944;15.07155556;98.26076389
Mid;164;14;6;13;NA;0.2;0.034348611;0.071882639;2.594409722;15.98015278;90.40138889
Mid;165;14;6;14;NA;1.6;0.034302431;0.071413542;2.6490681;15.92145139;88.409375
Mid;166;14;6;15;NA;0;0.034730903;0.070110417;2.078425197;17.86280903;80.62222222
Mid;167;14;6;16;NA;0;0.035034375;0.069078819;2.043076923;17.48211458;79.00451389
Mid;168;14;6;17;NA;0;0.034469792;0.06794375;1.510537634;17.60207639;76.46180556
Mid;169;14;6;18;NA;0;0.033929167;0.067206944;1.125397727;16.81673958;86.09791667
Mid;170;14;6;19;NA;0;0.033453472;0.066363542;1.521875;17.02346181;85.353125
Mid;171;14;6;20;NA;0;0.032584028;0.06560625;2.3103125;15.47633333;89.92881944
Mid;172;14;6;21;NA;0;0.031533681;0.064588194;2.170798611;16.00950694;83.35381944
Mid;173;14;6;22;NA;0;0.029421528;0.062806597;3.003576389;15.80214583;82.60277778
Mid;174;14;6;23;NA;0;0.027365278;0.061320486;2.295104167;14.45254861;88.51527778
Mid;175;14;6;24;NA;0;0.025386458;0.059544792;1.582291667;16.11171528;77.58958333
Mid;176;14;6;25;NA;0;0.022580903;0.057854167;1.366388889;14.48864583;82.91111111
Mid;177;14;6;26;NA;0;0.020391319;0.055899653;1.450173611;16.50208333;77.28923611
Mid;178;14;6;27;NA;0;0.017013542;0.053383333;1.51;17.95927431;77.81805556
Mid;179;14;6;28;NA;0;0.013362238;0.050636806;1.629548611;18.43207292;80.63402778
Mid;180;14;6;29;NA;0;0.009336806;0.047299306;1.431875;18.60705208;79.54340278
Mid;181;14;6;30;NA;0;0.005682986;0.043815625;1.286666667;18.33346875;79.26840278
Mid;182;14;7;1;NA;0;0.014763084;0.039876736;1.128327526;20.16298958;61.209375
Mid;183;14;7;2;NA;0;3.00E-04;0.034679167;1.273784722;20.08310417;68.75972222
Mid;184;14;7;3;NA;0;NA;0.029259722;1.685173611;19.64660417;69.45625
Mid;185;14;7;4;NA;0;NA;0.023335069;1.682777778;18.00142014;74.365625
Mid;186;14;7;5;NA;0;NA;0.018635069;2.456319444;15.91261458;78.81736111
Mid;187;14;7;6;NA;0.2;NA;0.013845263;2.545104167;16.18197917;82.56736111
Mid;188;14;7;7;NA;0.8;NA;0.010062847;2.540972222;16.68455208;81.44305556
Mid;189;14;7;8;NA;0;NA;0.007360417;1.96125;16.33497917;84.36215278
Mid;190;14;7;9;NA;0;NA;0.004629514;1.796284722;16.41276389;81.11909722
Mid;191;14;7;10;NA;0;NA;0.002130903;1.655902778;17.32769444;78.67395833
Mid;192;14;7;11;NA;0;NA;0.000903817;1.821111111;17.36127431;78.41388889
Mid;193;14;7;12;NA;0;NA;NA;2.919270833;16.31489236;77.734375
Mid;194;14;7;13;NA;0;NA;NA;2.895972222;14.75274306;83.86770833
Mid;195;14;7;14;NA;0;NA;NA;2.314513889;13.63197569;85.61770833
Mid;196;14;7;15;372.8051136;0;NA;NA;2.18375;14.16044792;80.37256944
Mid;197;14;7;16;356.5732639;0;NA;NA;2.213194444;15.40423958;81.99826389
Mid;198;14;7;17;405.3753472;0;NA;NA;1.74195122;17.20557639;72.58819444
Mid;199;14;7;18;411.1392361;0;NA;NA;1.039460432;19.24943403;63.26354167
Mid;200;14;7;19;377.996875;0;NA;NA;1.17013986;19.27828819;61.25
Mid;201;14;7;20;420.2625;0;NA;NA;2.240451389;16.94089931;82.35902778
Mid;202;14;7;21;402.4413194;0;NA;NA;2.714166667;15.63859375;85.94756944
Mid;203;14;7;22;420.5576389;0;NA;NA;2.769895833;15.42016319;76.60520833
Mid;204;14;7;23;395.9482639;0;NA;NA;2.921388889;15.60955556;81.90590278
Mid;205;14;7;24;400.028125;0;NA;NA;2.617291667;16.89363889;81.24375
Mid;206;14;7;25;82.95347222;6.4;NA;NA;1.080348432;15.11490972;92.63263889
Mid;207;14;7;26;49.93263889;19.8;0.104442727;NA;0.856067416;14.65535069;88.85555556
Mid;208;14;7;27;126.7902778;5;0.122946875;0.067610507;1.067868852;14.63641667;90.38576389
Mid;209;14;7;28;349.0819444;0;0.117636111;0.094063542;3.484756944;15.44556944;86.46770833
Mid;210;14;7;29;371.0958333;0.2;0.108451736;0.091936806;4.09;14.74184722;85.33854167
Mid;211;14;7;30;391.1392361;0;0.100517361;0.088452431;2.841701389;13.77119792;84.19930556
Mid;212;14;7;31;439.984965;0;0.094484266;0.085418531;1.680451389;15.24080836;77.73379791
Mid;213;14;8;1;416.6600694;0;0.089680208;0.082728125;1.380699301;15.98729514;80.33090278
Mid;214;14;8;2;433.4048611;0;0.085488889;0.079857292;1.010918728;19.05666667;56.86631944
Mid;215;14;8;3;367.2677083;0;0.081083764;0.077088542;1.114513889;20.06827778;50.42083333
Mid;216;14;8;4;453.1010417;0;0.077257143;0.07461875;0.987377622;21.50920486;44.40625
Mid;217;14;8;5;444.0211806;0;0.073117422;0.071775347;2.439442509;21.24908333;48.94826389
Mid;218;14;8;6;444.4204861;0;0.069370139;0.069242361;3.782708333;14.36546528;78.08298611
Mid;219;14;8;7;456.434375;0;0.065559722;0.067102083;2.355798611;14.17823958;65.93472222
Mid;220;14;8;8;467.3024306;0;0.060977431;0.064482292;1.744390244;17.14761111;49.37708333
Mid;221;14;8;9;461.3996528;0;0.056093056;0.062072917;2.806770833;15.70176042;62.38333333
Mid;222;14;8;10;457.5715278;0;0.051530556;0.059623611;2.684652778;15.55149306;66.47916667
Mid;223;14;8;11;472.5194444;0;0.046127778;0.057124306;1.974305556;16.45188542;69.40520833
Mid;224;14;8;12;469.6288194;0;0.0392875;0.054256597;1.604895833;18.81153819;61.15590278
Mid;225;14;8;13;453.5350694;0;0.030644792;0.051272569;1.336898955;20.6365;52.25625
Mid;226;14;8;14;435.0368056;0;0.022502778;0.048079514;3.9796875;16.20892708;80.815625
Mid;227;14;8;15;441.2434028;0;0.016912153;0.045500694;4.018888889;15.71355903;79.228125
Mid;228;14;8;16;412.5020833;0.6;0.011478472;0.042385764;3.912256944;15.80124653;85.20868056
Mid;229;14;8;17;299.2034722;0.6;0.008483681;0.040109722;3.16747331;15.80054167;90.87847222
Mid;230;14;8;18;337.4847222;1.2;0.007493007;0.038608014;1.779503106;16.87732056;87.77569444
Mid;231;14;8;19;476.35625;0;0.004612847;0.036282639;2.053819444;18.09712153;76.12430556
Mid;232;14;8;20;450.575;0;0.002054106;0.032829514;2.235243056;17.55078125;71.62743056
Mid;233;14;8;21;352.1114583;0;NA;0.029366319;1.736284722;16.90105556;71.87569444
Mid;234;14;8;22;502.9247387;0;NA;0.024972028;1.460486111;19.2130979;58.84055944
Mid;235;14;8;23;506.0784722;0;NA;0.019358681;1.738819444;19.11680208;53.03993056
Mid;236;14;8;24;510.2625;0;NA;0.013357639;1.956527778;18.01969792;50.79791667
Mid;237;14;8;25;507.7798611;0;NA;0.007556597;1.466458333;19.31110764;51.20555556
Mid;238;14;8;26;437.4065972;0;NA;0.002916194;1.661979167;21.15861458;54.86909722
Mid;239;14;8;27;483.6826389;0;NA;3.00E-04;1.154930556;23.25064931;48.46423611
Mid;240;14;8;28;425.7920139;0;NA;NA;2.044826389;21.78947917;61.00729167
Mid;241;14;8;29;473.3701389;1;NA;NA;2.422604167;18.930625;79.51145833
Mid;242;14;8;30;399.1253472;0;NA;NA;2.224479167;18.28952083;87.10451389
Mid;243;14;8;31;462.8753472;0;NA;NA;1.820104167;19.79360417;75.58715278
Mid;244;14;9;1;389.48125;0;NA;NA;1.227269504;22.16183333;58.22604167
Mid;245;14;9;2;472.1635417;0;NA;NA;1.304080882;24.09572917;51.2
Mid;246;14;9;3;335.5142361;7.2;NA;NA;1.348076923;20.80046528;72.65763889
Mid;247;14;9;4;503.1097222;0;NA;NA;2.695894737;20.12213542;68.43715278
Mid;248;14;9;5;557.3111111;0;NA;NA;3.933125;14.97788889;75.98472222
Mid;249;14;9;6;541.8684028;0.2;NA;NA;4.036111111;13.18767708;73.08888889
Mid;250;14;9;7;479.5506944;0;NA;NA;2.455243056;14.63056944;74.05208333
Mid;251;14;9;8;444.6461806;0;NA;NA;2.506215278;15.42251042;71.12326389
Mid;252;14;9;9;497.7711806;0;NA;NA;2.690451389;16.629375;70.446875
Mid;253;14;9;10;471.5211806;0;NA;NA;2.371840278;17.48110764;71.86805556
Mid;254;14;9;11;561.7121528;0;NA;NA;2.267847222;18.71;65.75555556
Mid;255;14;9;12;459.6201389;0;NA;NA;2.660763889;18.09053819;63.32291667
Mid;256;14;9;13;525.1930556;0;NA;NA;3.1340625;18.06807639;66.67604167
Mid;257;14;9;14;551.3128472;0;NA;NA;2.520625;18.05854861;66.83993056
Mid;258;14;9;15;579.48125;0;NA;NA;2.121631944;18.61524653;62.48402778
Mid;259;14;9;16;506.8944444;0;NA;NA;1.658368056;22.23383333;53.02048611
Mid;260;14;9;17;531.5819444;0;NA;NA;3.0509375;20.98233333;66.05277778
Mid;261;14;9;18;537.8579861;0;NA;NA;3.3915625;20.03858681;69.56076389
Mid;262;14;9;19;441.9118056;0;NA;NA;2.238784722;19.89202083;65.678125
Mid;263;14;9;20;511.0350694;0;NA;NA;1.281748252;23.21176042;49.72638889
Mid;264;14;9;21;498.5263889;15.4;0.048909434;NA;1.464240283;23.49228819;55.90208333
Mid;265;14;9;22;561.9378472;0;0.065430903;NA;2.742430556;19.5929375;73.84618056
Mid;266;14;9;23;507.8840278;0;0.061654514;NA;2.90625;17.32486111;74.10833333
Mid;267;14;9;24;503.778125;0;0.055554167;NA;2.457881944;18.05046181;64.41006944
Mid;268;14;9;25;542.60625;0;0.050669792;NA;2.309375;20.36608681;59.00416667
Mid;269;14;9;26;565.1322917;0;0.044058333;NA;2.491041667;20.15260417;62.17534722
Mid;270;14;9;27;563.3765734;0;0.034123776;NA;2.326770833;22.64734615;52.00734266
Mid;271;14;9;28;542.3805556;0;0.022311111;NA;3.005868056;21.13845833;66.25729167
Mid;272;14;9;29;552.6322917;0;0.010486111;NA;2.183263889;22.09898958;68.20590278
Mid;273;14;9;30;517.1809028;10.2;0.002066667;NA;1.699826389;24.12502083;62.72708333
Mid;274;14;10;1;543.1184028;0.6;0.001791367;NA;1.520069444;23.93140972;67.18263889
Mid;275;14;10;2;569.79375;10.8;0.089736525;0.025829375;3.667534722;21.37090278;69.91770833
Mid;276;14;10;3;518.4048611;0;0.080276761;0.04784375;4.476215278;16.2890625;67.77708333
Mid;277;14;10;4;574.9934028;0;0.070219097;0.049135417;3.702083333;13.9564375;65.23159722
Mid;278;14;10;5;616.4864583;0;0.063915625;0.047692014;3.155138889;14.26148264;62.84131944
Mid;279;14;10;6;525.2017361;0;0.058242361;0.046151042;2.746909722;14.49584375;65.375
Mid;280;14;10;7;552.0072917;0;0.052792014;0.044689931;2.591527778;15.78668056;66.81944444
Mid;281;14;10;8;615.653125;0;0.045185069;0.043089236;2.693472222;17.08772222;65.10555556
Mid;282;14;10;9;648.5177083;0;0.035528185;0.041286806;2.873854167;17.51769097;68.22847222
Mid;283;14;10;10;628.2486111;0;0.023178819;0.039029861;2.573402778;19.01817708;63.48125
Mid;284;14;10;11;588.9517361;0;0.009423158;0.036101736;2.217395833;22.20795139;53.36111111
Mid;285;14;10;12;571.2;0;0.025833663;0.032358865;2.44141844;23.98949645;51.54503546
Mid;286;14;10;13;NA;0;NA;NA;NA;NA;NA
Mid;287;14;10;14;NA;0;NA;NA;NA;NA;NA
Mid;288;14;11;5;408;0;NA;0.077284667;2.1958;25.16527333;60.59066667
Mid;289;14;11;6;632.8840278;0;NA;0.074033681;2.961354167;22.97122569;67.69930556
Mid;290;14;11;7;672.4673611;0;NA;0.070525;2.961909722;22.41864931;70.996875
Mid;291;14;11;8;511.3736111;0;NA;0.0663875;1.435400697;23.52457986;68.31701389
Mid;292;14;11;9;498.8822917;36.2;NA;0.064385417;2.208541667;22.37500347;78.06388889
Mid;293;14;11;10;427.9708333;15.8;NA;0.137937153;2.315403509;20.17788542;88.46076389
Mid;294;14;11;11;599.5680556;0.2;NA;0.139184722;2.186560284;20.32172569;83.85555556
Mid;295;14;11;12;299.8805556;14.2;NA;0.128796875;2.188162544;19.73262847;89.20520833
Mid;296;14;11;13;349.2989583;2.6;NA;0.142665625;1.071814346;20.57021528;86.92152778
Mid;297;14;11;14;502.3284722;15.6;NA;0.158804167;1.16562753;21.33380556;84.98125
Mid;298;14;11;15;283.1097222;14.6;NA;0.338610069;1.694907749;18.06138194;94.79097222
Mid;299;14;11;16;596.903125;0;NA;0.333743056;2.658993056;18.22830208;83.16076389
Mid;300;14;11;17;503.5524306;0;NA;0.291255556;2.618368056;18.87356944;81.33333333
Mid;301;14;11;18;567.2416667;0;NA;0.265043403;2.829027778;18.35444097;75.57916667
Mid;302;14;11;19;657.5194444;0;NA;0.249676736;2.547604167;18.04921528;67.35208333
Mid;303;14;11;20;578.1097222;0;NA;0.232964236;2.202708333;18.67764931;72.18159722
Mid;304;14;11;21;676.0784722;0;NA;0.217709722;2.147604167;21.05668403;71.59895833
Mid;305;14;11;22;554.5680556;0;NA;0.203991319;2.4753125;22.19672917;76.82430556
Mid;306;14;11;23;205.5489583;11.6;NA;0.199223264;1.363003663;20.28180556;91.37361111
Mid;307;14;11;24;235.9916667;13.4;NA;0.206;1.586612903;19.68407292;91.86527778
Mid;308;14;11;25;338.5784722;25;NA;0.273785764;1.426298932;20.07687153;90.359375
Mid;309;14;11;26;286.8857639;12.6;NA;0.306483681;1.277881944;19.9729375;92.79930556
Mid;310;14;11;27;313.2746528;9.6;NA;0.308631597;0.901513944;20.92058681;90.84513889
Mid;311;14;11;28;152.2590278;81.8;NA;0.321893403;0.889552239;18.93826389;97.97881944
Mid;312;14;11;29;465.7833333;0.8;NA;0.315241319;2.245528169;19.90299306;91.20868056
Mid;313;14;11;30;284.0993056;1.8;NA;0.314307986;3.102342657;18.47620486;95.78263889
Mid;314;14;12;1;220.8006944;2.2;NA;0.314218056;3.254965278;16.78645833;93.08229167
Mid;315;14;12;2;479.1947917;0.2;NA;0.325855208;3.090833333;18.13351389;87.43472222
Mid;316;14;12;3;585.73125;0;NA;0.325651042;2.044027778;20.32184722;80.42534722
Mid;317;14;12;4;552.3024306;0.2;NA;0.306909722;1.541423611;21.75807639;75.64965278
Mid;318;14;12;5;269.715625;5.4;NA;0.290450694;1.633263889;19.41647917;87.30486111
Mid;319;14;12;6;183.9690972;3.2;NA;0.308510417;2.848368056;16.8765;94.17083333
Mid;320;14;12;7;435.1756944;0;NA;0.308891667;3.091284722;18.66938889;85.14166667
Mid;321;14;12;8;361.9291667;0;NA;0.293192708;2.122118056;19.48237847;86.64270833
Mid;322;14;12;9;495.5836806;0.2;NA;0.281935417;2.185034722;20.33081944;85.721875
Mid;323;14;12;10;660.5055556;0;NA;0.269832292;3.050659722;20.83570833;78.60451389
Mid;324;14;12;11;703.7694444;0;NA;0.255915278;2.742569444;21.31496528;74.98993056
Mid;325;14;12;12;663.3961806;0;NA;0.242087153;2.582326389;22.00102778;72.675
Mid;326;14;12;13;345.0888889;22.2;NA;0.237672917;1.402842105;20.38982292;84.84548611
Mid;327;14;12;14;253.7173611;40.4;NA;0.317838889;0.975808824;19.18970833;96.90208333
Mid;328;14;12;15;364.7069444;14;NA;0.317714583;2.433558719;19.79384375;91.24930556
Mid;329;14;12;16;603.3354167;1.4;NA;0.315085417;2.678680556;19.60714931;90.84548611
Mid;330;14;12;17;589.4899306;0;NA;0.316817708;2.594773519;20.81524653;81.60694444
Mid;331;14;12;18;700.8875;0;0.328734682;0.319264931;2.327430556;21.58317708;76.86111111
Mid;332;14;12;19;538.9430556;0;0.304011111;0.302749653;1.666597222;22.58965625;75.35729167
Mid;333;14;12;20;450.9569444;5;0.292959722;0.292864931;1.475622642;22.48175;80.24618056
Mid;334;14;12;21;329.79375;41.2;0.33124375;0.313165278;0.85391635;21.01277083;89.45625
Mid;335;14;12;22;489.6635417;19.6;0.367007292;0.318572569;1.194909747;21.59766667;87.38472222
Mid;336;14;12;23;403.934375;0.8;0.366470833;0.326589931;1.46902439;22.13559375;84.98541667
Mid;337;14;12;24;686.9465278;0;0.374647917;0.322177083;2.197777778;22.44629514;75.97048611
Mid;338;14;12;25;626.7555556;0;0.362841319;0.322929167;2.493194444;21.51711806;72.42361111
Mid;339;14;12;26;660.4795139;0;0.324482292;0.316367361;2.612083333;21.94241319;72.88368056
Mid;340;14;12;27;608.0663194;0;0.300021181;0.29839375;1.942743056;21.39913542;73.56527778
Mid;341;14;12;28;702.7972222;0;0.282690625;0.284410764;1.424699647;23.48751042;56.29652778
Mid;342;14;12;29;697.2243056;17.4;0.287059722;0.278063889;1.141541353;24.6534375;59.871875
Mid;343;14;12;30;428.23125;1.4;0.346370833;0.312338889;1.224049296;25.16263194;57.71805556
Mid;344;14;12;31;479.9847222;0;0.316603125;0.311525694;1.591850534;24.63168403;68.97708333
High;1;14;1;1;488.9777778;0.2;0.204727431;0.297375;NA;23.49760069;81.16354167
High;2;14;1;2;692.2416667;0;0.193070833;0.282425;NA;23.45460417;71.88229167
High;3;14;1;3;696.8770833;0;0.182146181;0.268617361;NA;22.34131944;64.88541667
High;4;14;1;4;701.9204861;0;0.174276389;0.256815972;NA;21.75291319;66.209375
High;5;14;1;5;637.5541667;0;0.167902778;0.246460069;NA;20.89952778;68.74236111
High;6;14;1;6;701.4517361;0;0.16275625;0.237482639;NA;20.17825;71.07777778
High;7;14;1;7;599.0993056;0;0.157798958;0.229330556;NA;19.00415972;75.13958333
High;8;14;1;8;576.2954861;0;0.153566319;0.220602083;NA;19.58284375;75.87430556
High;9;14;1;9;505.6097222;0.2;0.148926736;0.21365;NA;19.48581944;81.453125
High;10;14;1;10;526.1913194;5.59;0.146632292;0.207990972;NA;19.86547222;86.89618056
High;11;14;1;11;636.3475694;0;0.143828125;0.201814931;NA;20.62251736;80.74201389
High;12;14;1;12;681.4951389;0;0.139379861;0.195809028;NA;20.67971528;78.05451389
High;13;14;1;13;568.1791667;0;0.135568403;0.190151736;NA;21.17612153;78.58715278
High;14;14;1;14;638.5958333;0;0.131725347;0.184909375;NA;20.99890972;73.03958333
High;15;14;1;15;580.2885417;0;0.127723611;0.179395833;NA;21.25281597;72.48888889
High;16;14;1;16;606.6340278;0;0.123794444;0.1736;NA;22.00895139;69.19583333
High;17;14;1;17;456.8770833;9.44;0.120646875;0.169211111;NA;20.58867708;77.22430556
High;18;14;1;18;269.4118056;17.76;0.160060764;0.176953125;NA;18.81178472;89.78402778
High;19;14;1;19;412.8145833;8.03;0.157936806;0.187818056;NA;18.24416319;91.90486111
High;20;14;1;20;310.340625;2.63;0.148465625;0.185780556;NA;18.75469097;92.39583333
High;21;14;1;21;396.2607639;6.51;0.147009028;0.182816319;NA;19.53601389;88.27916667
High;22;14;1;22;285.3840278;3.4;0.149508333;0.185107292;NA;19.57061458;87.08888889
High;23;14;1;23;477.91875;0;0.144629861;0.183311806;NA;21.36957986;82.00416667
High;24;14;1;24;501.4534965;0;0.138961538;0.179317133;7.736845638;21.39621329;79.8986014
High;25;14;1;25;671.8423611;0;0.134887847;0.175364236;7.824583333;20.66271181;74.84965278
High;26;14;1;26;510.8875;0;0.131132292;0.172631944;8.002083333;20.67909722;75.21979167
High;27;14;1;27;613.6131944;1;0.126900347;0.169732639;11.00208333;20.49552778;78.42986111
High;28;14;1;28;663.7868056;0;0.121424653;0.165523958;10.68920139;19.83780208;70.64444444
High;29;14;1;29;469.559375;0;0.117904861;0.159779167;9.330381944;19.02489583;80.57881944
High;30;14;1;30;512.7538194;0;0.112223611;0.155732292;8.483854167;20.06632292;75.74375
High;31;14;1;31;690.8961806;0;0.107535069;0.151877431;9.485381944;19.72713194;72.31875
High;32;14;2;1;634.4986111;0;0.104679167;0.148340972;9.792743056;20.36063194;71.79548611
High;33;14;2;2;587.7017361;0;0.101027778;0.144781597;8.702604167;20.88708333;70.21180556
High;34;14;2;3;673.0402778;0;0.098095486;0.141924653;10.25302083;21.08959375;71.92326389
High;35;14;2;4;693.1444444;0;0.093560417;0.138615278;9.268333333;22.01703819;62.85034722
High;36;14;2;5;540.5489583;0;0.089276042;0.135423264;10.37010417;20.40114236;77.81319444
High;37;14;2;6;474.2381944;0;0.086760417;0.132927778;9.763333333;19.62936458;79.71666667
High;38;14;2;7;604.8111111;0;0.084179514;0.130707292;9.680208333;20.29799653;73.12986111
High;39;14;2;8;659.0211806;0;0.080176736;0.128332639;10.82489583;20.31438542;70.89826389
High;40;14;2;9;602.7538194;0;0.076235417;0.126530208;8.382604167;20.42044097;72.07430556
High;41;14;2;10;545.5142361;0;0.0722;0.124213889;9.520173611;19.95753819;75.81909722
High;42;14;2;11;594.8197917;0;0.068598958;0.121889931;10.51743056;19.83128819;72.70659722
High;43;14;2;12;507.528125;0;0.065214583;0.119931597;10.2040625;19.72808681;73.96423611
High;44;14;2;13;524.0819444;0;0.062721875;0.118831597;8.290208333;20.83196528;71.18020833
High;45;14;2;14;490.5142361;0;0.060360069;0.117528819;6.861423611;21.21485764;75.27916667
High;46;14;2;15;653.6479167;0;0.057248611;0.115188542;9.032048611;21.86825;68.86180556
High;47;14;2;16;479.4291667;0;0.053975347;0.112568056;9.4184375;20.9014375;72.31041667
High;48;14;2;17;291.2347222;0;0.052551389;0.111178819;7.739861111;20.35542014;79.30486111
High;49;14;2;18;291.2086806;0;0.052303125;0.109571528;7.927881944;19.12425694;85.384375
High;50;14;2;19;375.2017361;0;0.051932986;0.10834375;9.359236111;18.84681597;84.184375
High;51;14;2;20;599.8284722;0;0.05120625;0.107643056;10.82357639;19.64303472;78.68402778
High;52;14;2;21;588.9951389;0.2;0.0492;0.105683681;11.6375;19.41509028;80.10104167
High;53;14;2;22;547.4326389;0;0.047064236;0.104064931;12.65739583;19.09824306;83.39375
High;54;14;2;23;614.9152778;0;0.045349306;0.102814236;12.33666667;20.19844097;81.91666667
High;55;14;2;24;541.5125;0.2;0.044094792;0.101790278;11.44204861;19.74741319;83.7875
High;56;14;2;25;467.1027778;0;0.042984375;0.100806944;11.34934028;20.32611458;80.49097222
High;57;14;2;26;625.9743056;0;0.041858681;0.099311458;11.34232639;20.40212847;76.446875
High;58;14;2;27;577.3197917;0;0.040498264;0.0981125;8.399236111;20.75462847;78.08125
High;59;14;2;28;406.1826389;0.4;0.039480556;0.097967361;6.462256944;21.23497917;74.34340278
High;60;14;3;1;275.6097222;53;0.068784722;0.109354861;4.117188612;19.05559722;87.53576389
High;61;14;3;2;472.5802083;1;0.138167361;0.152659028;8.461875;18.80229514;88.69513889
High;62;14;3;3;460.1236111;0;0.111828125;0.126339583;11.46659722;19.27394792;85.45833333
High;63;14;3;4;562.45;0;0.101152431;0.116733681;11.3221875;19.30434028;82.53263889
High;64;14;3;5;552.5194444;0;0.092874306;0.111125347;10.95576389;19.72365278;85.18194444
High;65;14;3;6;379.8545139;0;0.086066319;0.107574653;8.237777778;19.4733125;85.09201389
High;66;14;3;7;243.5697917;12.6;0.098940972;0.106591319;5.980553506;18.77234722;91.67048611
High;67;14;3;8;191.5125;74.6;0.179435069;0.166255903;3.218607143;18.11465972;97.52256944
High;68;14;3;9;387.6322917;0.8;0.14614375;0.184284375;6.771114983;19.01605903;93.41944444
High;69;14;3;10;420.2885417;0;0.127075694;0.163605208;7.7075;19.45001042;86.35
High;70;14;3;11;467.8232639;0;0.117469444;0.152959028;9.391597222;19.98894097;85.11631944
High;71;14;3;12;529.2381944;0;0.111179514;0.146444097;9.171180556;20.05608681;82.82743056
High;72;14;3;13;497.6409722;0;0.106345833;0.142152083;9.332118056;20.12971875;83.56875
High;73;14;3;14;469.4204861;0.4;0.102578819;0.139922569;10.44513889;19.57518403;84.08993056
High;74;14;3;15;487.1635417;0;0.099447569;0.136909375;10.57659722;19.10789236;85.73263889
High;75;14;3;16;487.5362069;0;0.092964138;0.136840345;10.26975862;19.51047241;80.53
High;76;14;3;17;481.8770833;0;0.086447917;0.136847917;9.166041667;19.47707639;81.24895833
High;77;14;3;18;477.7538194;0;0.083977431;0.134760417;7.808263889;19.86695486;80.14513889
High;78;14;3;19;410.5229167;0;0.08085625;0.132572917;8.145520833;19.76789236;80.10902778
High;79;14;3;20;508.153125;0;0.078256597;0.129806944;7.144305556;21.08832639;78.84583333
High;80;14;3;21;522.9361111;0;0.074240625;0.127344097;5.6809375;22.83898264;74.44270833
High;81;14;3;22;474.2295139;1.4;0.070208333;0.125316319;4.067569444;22.67942708;79.74722222
High;82;14;3;23;379.3684028;0.2;0.067279514;0.123733333;8.384930556;19.59743403;92.23819444
High;83;14;3;24;134.3336806;10.6;0.069696181;0.125547569;9.541145833;16.52891319;96.40972222
High;84;14;3;25;431.590625;4.4;0.123414583;0.127938889;8.1228125;18.00479514;92.22743056
High;85;14;3;26;311.6166667;0;0.112504861;0.128635764;7.788194444;18.46428472;89.68472222
High;86;14;3;27;384.2034722;0.8;0.101702083;0.126280208;9.401944444;18.64401736;87.04722222
High;87;14;3;28;560.2972222;0;0.092461111;0.123955903;9.708055556;19.51730903;84.72569444
High;88;14;3;29;374.16875;0;0.083451042;0.1218375;9.765659722;18.81415972;90.49027778
High;89;14;3;30;273.4395833;10.2;0.104714236;0.122225;7.5240625;18.79342708;93.65902778
High;90;14;3;31;383.23125;0.2;0.110633333;0.123704861;7.105;19.58212153;91.77916667
High;91;14;4;1;365.9395833;0.2;0.093972569;0.121756944;6.429166667;20.13939583;88.80694444
High;92;14;4;2;335.3145833;5.8;0.110677431;0.122694444;7.275798611;20.04585764;91.45208333
High;93;14;4;3;314.0385417;0.6;0.098515278;0.121879861;6.308541667;19.63984722;92.05555556
High;94;14;4;4;384.6548611;1.2;0.088978125;0.120161806;7.953333333;19.54139236;90.11388889
High;95;14;4;5;281.8684028;0;0.083497917;0.118486806;10.06753472;18.67857292;90.09201389
High;96;14;4;6;506.2;0;0.078931944;0.115614583;7.285138889;19.31686458;84.24583333
High;97;14;4;7;548.1270833;0;0.074058681;0.111650694;4.35576087;20.65009375;67.67326389
High;98;14;4;8;496.2434028;0;0.068021181;0.108738542;4.290209059;21.32031944;69.97569444
High;99;14;4;9;440.1583333;0;0.062321875;0.105828819;3.789202899;22.29664931;66.00277778
High;100;14;4;10;466.2173611;0;0.056500347;0.096944444;4.682099644;22.35009028;72.903125
High;101;14;4;11;455.3319444;0;0.051005903;0.091514583;9.576875;20.09037153;86.81840278
High;102;14;4;12;329.1774306;0;0.048122917;0.088849306;8.661770833;19.20648264;86.45590278
High;103;14;4;13;324.2902778;0;0.046185417;0.086964583;5.961527778;20.04664583;83.73263889
High;104;14;4;14;241.2868056;0;0.044036458;0.085145833;7.101666667;20.40729514;83.81909722
High;105;14;4;15;411.1479167;0;0.041418056;0.082919792;9.391736111;19.6415625;88.20694444
High;106;14;4;16;397.8579861;0;0.038806597;0.080658681;8.185173611;19.77810069;86.54305556
High;107;14;4;17;313.9604167;0.6;0.036328472;0.079196528;7.203923611;19.91518056;86.66493056
High;108;14;4;18;432.6583333;0;0.036157292;0.078002431;6.045034722;20.41181944;84.734375
High;109;14;4;19;361.6079861;6.4;0.034967361;0.076452778;6.190868056;20.90481944;85.36805556
High;110;14;4;20;424.4725694;2;0.042932986;0.077204514;4.613636364;21.57772569;83.98506944
High;111;14;4;21;356.7295139;0;0.048163542;0.076552431;6.7203125;20.39835417;86.12013889
High;112;14;4;22;360.1496528;0;0.048410069;0.075701042;7.623854167;20.06297917;85.37673611
High;113;14;4;23;384.3770833;0;0.046635069;0.074989583;5.469215686;20.06876736;84.97534722
High;114;14;4;24;162.7017361;0;0.044936806;0.074715972;2.819375;19.03280208;89.89513889
High;115;14;4;25;387.2590278;0.4;0.04344375;0.074225347;6.485874126;17.45237847;88.73715278
High;116;14;4;26;406.0177083;0;0.040705556;0.073327778;6.461527778;17.40210764;84.21631944
High;117;14;4;27;411.4777778;0;0.038180903;0.072722569;7.316527778;16.62997917;78.36319444
High;118;14;4;28;456.6340278;0;0.036529861;0.071864931;9.018159722;15.41576042;75.13020833
High;119;14;4;29;383.3875;0;0.035112847;0.071492014;7.280694444;13.71205208;76.82256944
High;120;14;4;30;467.0246528;0;0.033943403;0.071125694;9.26125;14.13887847;74.28680556
High;121;14;5;1;470.1930556;0;0.03156875;0.069944444;4.974076655;16.32596181;69.69166667
High;122;14;5;2;476.9899306;0;0.029303819;0.068652778;4.297604167;18.36219444;59.02743056
High;123;14;5;3;432.91875;0;0.027234028;0.065520486;9.550972222;16.81401389;71.42534722
High;124;14;5;4;281.0611111;0;0.026203125;0.065514931;7.802986111;16.26624306;85.87048611
High;125;14;5;5;444.8284722;0;0.025591319;0.065255903;6.687152778;18.29284722;80.215625
High;126;14;5;6;340.7399306;0;0.023784375;0.064281944;7.092222222;18.28834722;83.01215278
High;127;14;5;7;266.8684028;0;0.023501736;0.064209722;7.863055556;18.57918403;85.09618056
High;128;14;5;8;269.5333333;7;0.027234722;0.064967361;6.515729167;18.62004167;85.67048611
High;129;14;5;9;331.0263889;0;0.044092014;0.06813125;4.102951389;19.85101736;76.14131944
High;130;14;5;10;355.7572917;0;0.044948958;0.068068403;5.33087108;18.64942361;74.82777778
High;131;14;5;11;434.1774306;0;0.044494097;0.067350694;11.24527778;14.86933681;82.953125
High;132;14;5;12;454.7503472;0;0.042422917;0.066951736;9.941770833;14.07862847;76.79652778
High;133;14;5;13;452.91875;0;0.039143056;0.065990278;7.329201389;15.19260764;68.74652778
High;134;14;5;14;451.6079861;0;0.036200694;0.064980556;6.214652778;16.31877083;73.11458333
High;135;14;5;15;420.5229167;0;0.033382986;0.063618403;6.362048611;16.93282292;77.24375
High;136;14;5;16;420.5641115;0;0.031414634;0.062118815;4.859094077;18.72690244;67.3630662
High;137;14;5;17;438.9430556;0;0.029244444;0.060455208;8.876666667;18.03776042;75.94513889
High;138;14;5;18;251.2260417;0;0.027902431;0.059670486;8.872118056;16.34195833;84.52743056
High;139;14;5;19;424.715625;0;0.027984028;0.059230556;5.065104167;18.71550694;76.76215278
High;140;14;5;20;373.8215278;0;0.02629375;0.058431597;8.182569444;17.41280208;82.23402778
High;141;14;5;21;395.6791667;0;0.024737153;0.058201389;7.606111111;16.39725347;80.43368056
High;142;14;5;22;397.8753472;0;0.023533681;0.056970486;5.336805556;19.14687847;69.77152778
High;143;14;5;23;394.1079861;0;0.022009028;0.055525;3.183964912;21.51271181;65.24236111
High;144;14;5;24;374.6635417;0;0.020249306;0.054030556;3.02120438;21.72055903;69.50347222
High;145;14;5;25;239.8111111;0;0.019727431;0.053510069;9.514722222;18.19605208;94.26076389
High;146;14;5;26;251.8076389;1.6;0.01846875;0.05364375;5.769895833;18.94940972;92.30208333
High;147;14;5;27;284.2381944;4.6;0.021628472;0.055823264;3.960415094;19.47899306;83.33993056
High;148;14;5;28;390.8267361;0;0.024522222;0.055184722;3.905070922;18.94368056;66.60868056
High;149;14;5;29;397.5715278;0;0.025776736;0.054740625;10.68447917;15.51536458;90.90902778
High;150;14;5;30;156.2607639;0;0.025384375;0.055530903;11.66;13.96632986;97.45034722
High;151;14;5;31;298.7868056;0;0.027384028;0.056226736;8.885208333;14.90421181;88.96527778
High;152;14;6;1;381.1479167;0;0.026227083;0.055684375;5.167569444;16.87092708;74.95520833
High;153;14;6;2;207.6496528;0;0.025001736;0.055440972;3.428650794;16.90607292;81.80381944
High;154;14;6;3;315.184375;0;0.023957292;0.054804514;4.665371025;17.95173264;81.07291667
High;155;14;6;4;335.0194444;0;0.023143403;0.054080208;8.271111111;16.98759722;86.23541667
High;156;14;6;5;395.5663194;0;0.022202778;0.053573264;5.9384375;17.89139583;81.61666667
High;157;14;6;6;368.1791667;0;0.021242708;0.052271528;5.176006944;19.06644097;66.38229167
High;158;14;6;7;366.1826389;0;0.020557639;0.051005903;7.350729167;17.74172569;75.38368056
High;159;14;6;8;393.5090278;0;0.019627431;0.050249306;6.475659722;17.299375;75.31076389
High;160;14;6;9;406.8423611;0;0.018727083;0.0494375;7.680451389;17.57713542;79.72326389
High;161;14;6;10;380.6965278;0;0.018180556;0.048268403;11.41451389;17.04310764;80.52222222
High;162;14;6;11;196.4951389;0;0.018152083;0.047965625;11.75131944;15.40733333;88.53055556
High;163;14;6;12;111.3128472;3;0.017314236;0.049277083;10.52597222;14.58023264;98.25347222
High;164;14;6;13;222.684375;0;0.019613542;0.05181875;9.844756944;15.32740278;91.12361111
High;165;14;6;14;285.4621528;0.6;0.018910417;0.05106875;9.764930556;15.21548611;89.51319444
High;166;14;6;15;393.1357639;0;0.020589931;0.051464236;6.962465278;17.06251736;81.48125
High;167;14;6;16;360.965625;0;0.020197917;0.050098611;8.831736111;16.68704514;80.38402778
High;168;14;6;17;397.9100694;0;0.021195833;0.049520833;8.005555556;16.61937153;78.86770833
High;169;14;6;18;250.2104167;0;0.021439583;0.049427778;6.730138889;15.92631597;88.67743056
High;170;14;6;19;244.1166667;0;0.021882639;0.049365278;5.551215278;16.24230903;86.9375
High;171;14;6;20;272.4847222;0;0.022782292;0.049537153;9.4525;14.76107986;91.24756944
High;172;14;6;21;377.7451389;0;0.022907639;0.049137153;8.803263889;14.92901389;86.43611111
High;173;14;6;22;389.3163194;0;0.022822222;0.048603472;10.5565625;14.88473611;84.81354167
High;174;14;6;23;263.7434028;0;0.022670139;0.048403819;9.750625;13.45090625;91.48576389
High;175;14;6;24;348.5958333;0;0.022926389;0.048342014;6.4284375;15.03506944;80.63402778
High;176;14;6;25;317.7190972;0;0.022625;0.047826389;7.512534722;13.58232292;85.51631944
High;177;14;6;26;361.5645833;0;0.022559028;0.047483681;6.813055556;15.35942014;80.50659722
High;178;14;6;27;404.3076389;0;0.021827431;0.046805556;6.663506944;16.91266319;79.09618056
High;179;14;6;28;371.2868056;0;0.020409375;0.046021528;7.259756944;17.52117708;82.36076389
High;180;14;6;29;351.2520833;0;0.019554514;0.045264583;6.862118056;17.57378819;82.19201389
High;181;14;6;30;335.653125;0;0.019336111;0.04445;6.211458333;17.27857292;81.97465278
High;182;14;7;1;373.2138889;0;0.018755903;0.043315972;4.249583333;19.16753472;62.73055556
High;183;14;7;2;290.1670139;0;0.01825625;0.042025694;5.593541667;18.83892014;72.14340278
High;184;14;7;3;404.6461806;0;0.017697569;0.040822917;7.396597222;18.82022917;69.12881944
High;185;14;7;4;370.6010417;0;0.017046875;0.039635069;7.139375;17.30015278;75.40763889
High;186;14;7;5;314.1947917;0;0.016769792;0.039140278;9.808854167;15.26301042;79.85034722
High;187;14;7;6;300.9743056;0;0.016408333;0.039165972;10.14940972;15.18708333;84.94548611
High;188;14;7;7;374.1947917;0.4;0.016980208;0.038307639;9.752048611;15.94270139;82.90798611
High;189;14;7;8;254.0645833;0;0.017549306;0.038693056;8.941111111;15.58658681;85.990625
High;190;14;7;9;353.9430556;0;0.017490972;0.038711806;9.335486111;15.28584028;84.42152778
High;191;14;7;10;321.8597222;0;0.017346528;0.0384;7.271909722;15.95778472;82.56145833
High;192;14;7;11;278.8302083;0;0.016903819;0.038170486;5.800173611;15.93552778;83.08159722
High;193;14;7;12;398.1184028;0;0.016477778;0.037875347;8.741979167;15.63073958;78.71458333
High;194;14;7;13;292.3805556;0;0.015862153;0.037747569;10.93916667;13.91995139;85.728125
High;195;14;7;14;364.090625;0;0.015934722;0.037679861;9.783576389;12.88791667;87.06458333
High;196;14;7;15;360.10625;0;0.015940625;0.037528819;8.785416667;13.41519444;82.3625
High;197;14;7;16;303.4482639;0;0.015854167;0.037566667;8.654513889;14.47581944;83.73680556
High;198;14;7;17;376.7121528;0;0.015577778;0.03745;7.316006944;15.96268403;75.99305556
High;199;14;7;18;396.8510417;0;0.014915972;0.036413194;5.113824561;18.08725;66.13680556
High;200;14;7;19;356.6600694;0;0.014258681;0.034975347;3.541944444;18.69107639;61.82916667
High;201;14;7;20;365.6791667;0;0.014930556;0.034236458;9.200208333;15.83154167;85.43854167
High;202;14;7;21;357.9534722;0;0.014810069;0.034027778;10.86670139;14.56319792;89.10590278
High;203;14;7;22;407.3024306;0;0.014639931;0.033775347;11.13107639;14.31094097;79.85381944
High;204;14;7;23;382.4413194;0;0.01483125;0.033617708;10.51663194;14.67223611;84.34305556
High;205;14;7;24;382.1461806;0;0.014568403;0.033361111;10.03458333;15.85510417;84.00590278
High;206;14;7;25;70.01533101;9.6;0.04149547;0.034114286;3.913490196;14.28922997;94.10243902
High;207;14;7;26;52.29375;21;0.118821528;0.076835069;1.529255814;14.15146181;88.734375
High;208;14;7;27;114.5333333;6.6;0.123837847;0.121007639;2.239844961;13.99135069;91.25868056
High;209;14;7;28;377.9361111;0;0.104290625;0.113319792;7.723728223;14.96808333;86.18506944
High;210;14;7;29;448.7868056;0;0.089198264;0.096821181;9.525104167;14.27820486;85.69375
High;211;14;7;30;324.1427083;0;0.081509028;0.086619097;7.632916667;12.89376736;86.56041667
High;212;14;7;31;451.825;0;0.075730208;0.080055208;6.475833333;14.08128125;81.43576389
High;213;14;8;1;413.3267361;0;0.071261111;0.075311111;5.31;14.73055903;84.82430556
High;214;14;8;2;430.1930556;0;0.066663542;0.071145833;2.375842294;18.02187847;59.41631944
High;215;14;8;3;359.8024306;0;0.061161806;0.067254861;3.283541667;18.95186111;53.00208333
High;216;14;8;4;454.6461806;0;0.056127431;0.063497222;2.99340708;20.52926042;46.22222222
High;217;14;8;5;432.9274306;0;0.050463194;0.059889583;3.585226481;20.64451389;49.31631944
High;218;14;8;6;384.6375;0;0.047653125;0.057638889;8.3390625;13.63570833;79.96423611
High;219;14;8;7;467.8927083;0;0.045609375;0.055818403;6.990625;13.1806875;68.07881944
High;220;14;8;8;474.2381944;0;0.04195625;0.053515625;4.455868056;16.37318056;49.45520833
High;221;14;8;9;460.7486111;0;0.038799306;0.051477431;7.735208333;14.91822917;63.37152778
High;222;14;8;10;465.5576389;0;0.036560764;0.049768056;9.256944444;14.64580903;68.20972222
High;223;14;8;11;473.5263889;0;0.034451042;0.048109028;5.931041667;15.47144097;70.84791667
High;224;14;8;12;473.9604167;0;0.031435764;0.046311458;5.036215278;17.79556597;62.23263889
High;225;14;8;13;471.9118056;0;0.028317361;0.043824653;3.491979167;19.84181597;52.96388889
High;226;14;8;14;354.3423611;0;0.025652431;0.041862847;10.04284722;15.49102083;82.21493056
High;227;14;8;15;437.9447917;0;0.025317361;0.041360764;9.013020833;14.98778125;80.49131944
High;228;14;8;16;415.7920139;0.2;0.023855903;0.040487153;8.540729167;15.19389931;85.80763889
High;229;14;8;17;192.9708333;0;0.022478125;0.039278819;7.297291667;15.01911458;92.20277778
High;230;14;8;18;265.2711806;7;0.022590972;0.039356597;5.316388889;15.8591875;89.90659722
High;231;14;8;19;454.715625;0;0.025978472;0.039436806;6.005381944;16.94458333;79.67361111
High;232;14;8;20;465.8527778;0;0.027819444;0.038926389;6.716770833;16.52892361;74.425
High;233;14;8;21;425.5142361;0;0.027790972;0.038572222;5.552013889;16.01999653;74.05972222
High;234;14;8;22;506.2173611;0;0.027462847;0.038291667;4.056215278;18.13464236;60.84548611
High;235;14;8;23;512.3111111;0;0.025045139;0.037054167;5.945416667;18.1174375;54.74201389
High;236;14;8;24;515.2190972;0;0.0234625;0.035015278;6.953993056;16.94199306;52.60104167
High;237;14;8;25;510.9482639;0;0.022331597;0.033487847;5.389409722;17.97089583;53.75138889
High;238;14;8;26;488.5958333;0;0.020700694;0.031668403;5.285590278;19.98708681;56.35833333
High;239;14;8;27;485.8527778;0;0.018820139;0.028996181;3.951326165;21.91806944;51.95590278
High;240;14;8;28;425.8788194;0;0.017251389;0.026332639;5.441354167;21.03861111;60.459375
High;241;14;8;29;469.871875;2.6;0.016072917;0.0243375;7.797743056;17.92094444;81.79236111
High;242;14;8;30;426.9899306;0;0.015258333;0.023697917;7.819444444;17.34921181;89.47708333
High;243;14;8;31;479.6027778;0;0.016294444;0.023653819;6.055798611;18.85885417;78.15381944
High;244;14;9;1;401.2086806;0;0.015533681;0.022623611;2.834191176;21.26240972;59.71736111
High;245;14;9;2;472.9100694;0;0.014311458;0.021328125;3.11358885;23.39634375;51.40277778
High;246;14;9;3;331.6340278;5;0.013943403;0.019754514;3.577553191;20.05247222;73.52604167
High;247;14;9;4;488.8128472;0;0.014169444;0.019734375;5.07936255;19.36098264;69.72361111
High;248;14;9;5;537.9621528;0;0.014825347;0.019777778;10.47496528;14.05299306;77.58159722
High;249;14;9;6;549.2815972;0;0.015301042;0.019853125;11.24336806;12.35852431;75.07326389
High;250;14;9;7;534.8892361;0;0.014707292;0.019842014;8.229652778;13.57604861;76.76701389
High;251;14;9;8;534.2815972;0;0.014232986;0.019529861;8.534652778;14.65989931;72.78263889
High;252;14;9;9;490.2972222;0;0.014039931;0.019076042;9.833020833;15.71023958;72.50347222
High;253;14;9;10;440.1583333;0;0.013429514;0.01838125;8.064236111;16.53013889;74.16180556
High;254;14;9;11;557.8927083;0;0.013584375;0.017490625;7.679583333;17.50286806;68.51840278
High;255;14;9;12;477.5975694;0;0.013073264;0.016009375;7.956909722;17.25104514;64.59305556
High;256;14;9;13;528.8215278;0;0.012692361;0.014361806;9.044618056;17.14067708;68.35520833
High;257;14;9;14;543.075;0;0.011603819;0.012954861;8.5559375;17.10425694;69.07326389
High;258;14;9;15;532.4760417;0;0.011433333;0.011786458;7.597465278;17.11690625;66.63506944
High;259;14;9;16;544.4378472;0;0.010801736;0.01096875;5.0459375;21.15545486;54.47916667
High;260;14;9;17;533.3267361;0;0.010092708;0.009244444;8.996597222;20.07188194;67.534375
High;261;14;9;18;526.2520833;0;0.010456597;0.007269097;9.979166667;19.01846528;71.79965278
High;262;14;9;19;437.7885417;0;0.010964583;0.005904514;8.464826389;18.81410069;68.15347222
High;263;14;9;20;494.4899306;0;0.010667361;0.005181597;4.292342657;21.89670139;52.21215278
High;264;14;9;21;496.8944444;20;0.026022222;0.003774823;3.097132867;22.16967708;58.22048611
High;265;14;9;22;594.3857639;0;0.076379861;0.002975;6.060314685;18.72936458;75.25798611
High;266;14;9;23;531.9204861;0;0.055674306;0.004791667;9.787638889;16.29864236;77.14097222
High;267;14;9;24;561.4777778;0;0.04351875;0.005922569;7.88625;17.15799306;66.72465278
High;268;14;9;25;559.090625;0;0.031197569;0.006189931;7.218541667;19.32064583;61.47569444
High;269;14;9;26;568.5003472;0;0.0216125;0.005898264;8.844166667;18.91646181;65.47013889
High;270;14;9;27;565.0368056;0;0.015405556;0.005359375;7.377222222;21.49545833;54.15590278
High;271;14;9;28;577.60625;0;0.010351736;0.003997569;9.126770833;20.3691875;67.59236111
High;272;14;9;29;508.5003472;0;0.008640278;0.003215972;7.780729167;20.83846181;71.47708333
High;273;14;9;30;480.965625;3;0.006110069;0.002119792;4.468993056;22.89344792;65.64722222
High;274;14;10;1;516.9204861;0.6;0.003548062;0.00077561;4.259790941;22.58470139;70.65694444
High;275;14;10;2;607.1982639;0.2;0.001832813;0.000477778;6.834181185;20.73502083;70.18506944
High;276;14;10;3;566.8163194;0;0.001816463;0.000305385;7.073888889;15.53940278;68.94409722
High;277;14;10;4;596.0611111;0;0.000977273;3.00E-04;9.153020833;13.20101736;66.29270833
High;278;14;10;5;637.5454861;0;3.00E-04;NA;8.161840278;13.3318125;64.12256944
High;279;14;10;6;579.16875;0;NA;3.00E-04;7.282673611;13.75092708;66.59965278
High;280;14;10;7;545.3753472;0;NA;NA;7.801111111;14.78317014;68.36388889
High;281;14;10;8;603.2659722;0;NA;NA;7.732916667;16.09648611;67.028125
High;282;14;10;9;608.2052083;0;NA;NA;8.721631944;16.40157639;70.69305556
High;283;14;10;10;660.5576389;0;NA;NA;8.981493056;18.06470139;65.315625
High;284;14;10;11;633.3354167;0;NA;NA;7.610520833;21.31832292;54.35520833
High;285;14;10;12;457.6756944;0;NA;NA;7.678680556;22.93525347;52.66215278
High;286;14;10;13;565.1670139;0;NA;NA;7.972118056;22.65959375;55.12708333
High;287;14;10;14;579.3336806;0;NA;NA;4.750069444;25.12998958;42.90138889
High;288;14;10;15;346.9465278;0;NA;NA;5.674826389;25.87077778;34.73055556
High;289;14;10;16;417.6634146;0;NA;NA;10.20773519;20.17738676;75.8184669
High;290;14;10;17;556.3041667;0;NA;NA;7.321076389;22.50252778;61.55694444
High;291;14;10;18;523.0402778;0;NA;NA;6.312118056;24.57115625;46.621875
High;292;14;10;19;527.528125;0;NA;NA;4.758680556;25.41510417;48.69409722
High;293;14;10;20;479.48125;7.6;NA;NA;5.043531469;23.74029514;61.22881944
High;294;14;10;21;304.79375;0.2;0.023144366;NA;8.505729167;18.13169444;88.05416667
High;295;14;10;22;319.325;0;0.023126042;NA;9.788229167;16.13915625;93.95173611
High;296;14;10;23;533.6826389;0;0.018825694;NA;9.124166667;16.92719097;86.39444444
High;297;14;10;24;592.3979167;0;0.012761806;NA;7.936805556;18.97330208;75.64583333
High;298;14;10;25;495.2277778;0;0.007973611;3.00E-04;6.763902439;19.92380556;72.97777778
High;299;14;10;26;136.1739583;20.2;0.051261806;0.055876111;3.608823529;17.09254861;90.39027778
High;300;14;10;27;390.3927083;5.2;0.087722917;0.090551736;3.258636364;18.35429861;86.6875
High;301;14;10;28;507.2329861;13.2;0.105789236;0.099785069;9.199965278;15.91505903;93.16076389
High;302;14;10;29;621.746875;0.2;0.086515972;0.093604167;7.893090278;17.64641319;87.93090278
High;303;14;10;30;295.3493056;0.6;0.066250694;0.082054861;6.125684211;18.24344097;91.20520833
High;304;14;10;31;498.2138889;0;0.058261458;0.072394792;7.713645833;19.71952431;84.50416667
High;305;14;11;1;682.8840278;0;0.051799306;0.065789236;7.896423611;19.94405903;78.85520833
High;306;14;11;2;677.215625;0;0.047049653;0.060853125;8.729548611;19.36376736;74.903125
High;307;14;11;3;625.7052083;0;0.043009375;0.057354861;8.85;19.47459375;73.203125
High;308;14;11;4;614.5506944;0;0.039535417;0.054448264;7.643888889;19.24658681;72.98819444
High;309;14;11;5;483.7086806;0;0.031811458;0.048740625;6.4265625;21.61674306;68.23159722
High;310;14;11;6;658.1618056;0;0.024593403;0.043627083;7.879236111;21.78639583;70.29270833
High;311;14;11;7;640.8961806;0;0.020578125;0.041438542;8.497013889;21.21861806;73.94652778
High;312;14;11;8;554.4725694;0;0.016250694;0.039644444;4.108597122;22.50849306;70.11006944
High;313;14;11;9;517.4760417;34.4;0.029639583;0.046428819;5.866180556;21.24798611;80.79791667
High;314;14;11;10;449.9065972;16.8;0.107555208;0.110207292;5.791035714;19.28213542;89.49791667
High;315;14;11;11;692.9100694;0;0.086747222;0.098383681;6.358402778;19.35841319;86.40833333
High;316;14;11;12;340.2017361;17.2;0.092668056;0.094263542;6.728811189;18.80139236;90.89930556
High;317;14;11;13;347.7625;2.2;0.092194444;0.104057292;2.267116788;19.60022569;88.71319444
High;318;14;11;14;486.9725694;18.2;0.109976736;0.104985417;2.073494424;20.28085417;86.50520833
High;319;14;11;15;288.3180556;17.8;0.124470833;0.124498264;4.182930403;17.18731597;95.11875
High;320;14;11;16;631.0003472;0;0.086789236;0.109384028;6.808715278;17.37106944;85.46319444
High;321;14;11;17;476.5298611;0;0.066995833;0.088444097;6.702951389;17.90860069;82.80798611
High;322;14;11;18;660.1236111;0;0.057494792;0.077703472;8.000347222;17.28512153;77.26944444
High;323;14;11;19;707.0246528;0;0.049782986;0.070042361;8.302152778;17.13743403;68.26284722
High;324;14;11;20;539.9326389;0;0.043662847;0.064565278;7.7646875;17.46711806;75.38298611
High;325;14;11;21;629.6722222;0;0.037589236;0.060598264;6.256770833;19.86432986;74.39965278
High;326;14;11;22;575.6704861;0;0.030357986;0.056958681;7.223402778;21.22370486;78.77465278
High;327;14;11;23;259.0645833;14;0.056069792;0.057064236;3.492231405;19.44102778;91.59965278
High;328;14;11;24;242.6149306;17;0.11136875;0.088050694;4.230996169;18.65320139;92.81805556
High;329;14;11;25;338.2572917;9;0.103490278;0.105246528;4.746478873;19.11781944;91.88055556
High;330;14;11;26;382.4065972;7;0.098521181;0.102441667;4.140902778;19.17059375;92.98506944
High;331;14;11;27;350.1409722;14.4;0.095601736;0.099811111;2.052235294;19.90106944;91.70763889
High;332;14;11;28;196.35625;42.6;0.133831597;0.141936458;1.618299595;18.38810764;95.18958333
High;333;14;11;29;465.6704861;3;0.092931944;0.121309722;4.685457746;19.18870486;90.32569444
High;334;14;11;30;280.0888889;2.4;0.078801736;0.102383333;7.417986111;17.94483681;93.84791667
High;335;14;12;1;243.3180556;1.2;0.075516319;0.091295486;9.750763889;15.94341667;92.93472222
High;336;14;12;2;541.3909722;0;0.064529514;0.083604861;9.274409722;17.39944444;87.74340278
High;337;14;12;3;669.0819444;0;0.052663542;0.076677431;7.068263889;19.33836111;81.67708333
High;338;14;12;4;590.4621528;0;0.044081944;0.070276389;4.863368056;20.72323611;77.64236111
High;339;14;12;5;297.9361111;7;0.041013194;0.066319792;4.580659722;18.45509722;87.51284722
High;340;14;12;6;213.9256944;3;0.073403125;0.065934375;7.795763889;16.26575347;91.87465278
High;341;14;12;7;479.6982639;0;0.063884375;0.064092014;8.207534722;17.92097569;85.29236111
High;342;14;12;8;419.1513889;0;0.049267708;0.061684028;6.894756944;18.56780903;87.23715278
High;343;14;12;9;551.0090278;0;0.041433333;0.0592375;7.245625;19.53314931;86.05416667
High;344;14;12;10;670.5055556;0;0.03543125;0.056808333;8.247951389;19.69573611;80.63298611
High;345;14;12;11;649.2208333;0;0.028080556;0.054293403;7.204861111;20.12809375;77.32881944
High;346;14;12;12;649.403125;0;0.021034375;0.052076389;6.636319444;20.80679861;75.503125
High;347;14;12;13;375.9309028;26.6;0.049713542;0.053404514;4.191840278;19.38083681;86.25520833
High;348;14;12;14;255.2364583;27.6;0.125201389;0.13265;2.412048611;18.19979861;95.82048611
High;349;14;12;15;472.5888889;19.4;0.106745486;0.13156875;5.798028169;19.15467708;90.68611111
High;350;14;12;16;571.0263889;0;0.070238542;0.106055556;6.728263889;18.73685764;90.8125
High;351;14;12;17;600.0975694;0;0.057874653;0.091329861;6.690034722;19.77373611;82.95277778
High;352;14;12;18;724.7597826;0;0.048038043;0.081294928;7.31192029;20.49620652;78.92282609
High;353;14;12;19;505.7659722;1.2;0.039477778;0.073744097;4.821597222;21.55782639;76.52916667
High;354;14;12;20;507.8059028;2.2;0.034239931;0.068479514;4.383031359;21.54940972;81.61284722
High;355;14;12;21;342.1722222;12.4;0.066884722;0.066727083;2.855392857;20.11365972;89.22430556
High;356;14;12;22;436.7121528;37.8;0.098741667;0.079029514;1.940747331;20.24395833;88.46423611
High;357;14;12;23;396.6861111;0;0.086152431;0.106495139;4.09534965;21.15901042;86.30902778
High;358;14;12;24;714.3857639;0;0.062814931;0.086890278;6.540868056;21.32379861;77.80381944
High;359;14;12;25;669.5940972;0;0.051460417;0.075838542;7.435625;20.4516875;74.65034722
High;360;14;12;26;726.4256944;0;0.041727083;0.068482986;7.503888889;20.91035069;75.06736111
High;361;14;12;27;640.2190972;0;0.033275347;0.062919444;5.361979167;20.50645486;74.98090278
High;362;14;12;28;733.23125;0;0.025314931;0.059224306;4.026354167;22.31735417;59.54722222
High;363;14;12;29;669.8979167;8.2;0.027500347;0.055655556;3.016538462;23.59343056;60.10208333
High;364;14;12;30;473.2572917;6.8;0.078415625;0.053988889;3.534861111;23.94860069;60.53854167
High;365;14;12;31;510.3666667;0;0.071144097;0.061118056;4.590559441;23.47526736;71.715625
